StudentID,Name,Gender,AttendanceRate,StudyHoursPerWeek,PreviousGrade,ExtracurricularActivities,ParentalSupport,FinalGrade,Study_Hours,Attendance_Pct,Online_Classes_Taken
8998,John,Male,85.0,15.0,78.0,1.0,High,80.0,4.8,59.0,False
5638,Sarah,Female,90.0,20.0,85.0,2.0,Medium,87.0,2.2,70.0,True
8783,Alex,Male,78.0,10.0,65.0,0.0,Low,68.0,4.6,92.0,False
9867,Michael,Male,92.0,25.0,90.0,3.0,High,92.0,2.9,96.0,False
87549,Emma,Female,88.0,18.0,82.0,2.0,Medium,85.0,4.1,97.0,True
9864,Olivia,Female,95.0,30.0,88.0,1.0,High,80.0,2.8,97.0,False
8463,Daniel,Male,70.0,8.0,60.0,0.0,Low,62.0,4.5,96.0,False
4473,Sophia,Female,88.0,17.0,77.0,1.0,Medium,78.0,1.0,70.0,True
3467,James,Male,82.0,12.0,70.0,2.0,Low,72.0,3.6,50.0,False
6544,Isabella,Female,91.0,22.0,86.0,3.0,High,88.0,2.9,59.0,True
2824,Shannon Harrison,Male,88.0,25.0,90.0,0.0,High,87.0,3.4,84.0,True
7912,Peter Davila,Male,85.0,20.0,78.0,3.0,Low,88.0,0.1,62.0,False
4611,Katherine Gray,Female,91.0,18.0,78.0,0.0,Low,62.0,1.7,59.0,True
6514,Megan Miller,Male,90.0,8.0,85.0,1.0,Medium,88.0,1.3,52.0,False
10014,James Williams,Male,70.0,20.0,70.0,2.0,Low,88.0,4.4,73.0,True
2139,Derrick Alexander,Male,88.0,18.0,85.0,3.0,High,62.0,1.4,90.0,False
8573,James Smith,Female,88.0,12.0,90.0,1.0,High,92.0,4.1,70.0,False
5386,James Reynolds,Male,92.0,22.0,88.0,3.0,Low,78.0,2.0,91.0,False
3340,Brittany Sutton,Female,78.0,25.0,70.0,2.0,Medium,88.0,2.1,87.0,False
6930,Annette Medina,Male,78.0,12.0,77.0,2.0,High,87.0,0.8,60.0,False
2040,James Duncan,Female,70.0,22.0,77.0,2.0,Medium,72.0,4.3,50.0,True
9797,Donna Taylor,Female,95.0,20.0,82.0,2.0,High,78.0,0.0,96.0,False
9201,David Robertson,Male,82.0,20.0,82.0,2.0,Low,80.0,0.8,98.0,True
9837,Susan Brown,Male,91.0,30.0,77.0,1.0,High,90.0,4.4,69.0,True
1949,Jessica Ortega,Male,91.0,20.0,78.0,1.0,High,72.0,3.8,58.0,False
3705,Jeremy Hall,Female,88.0,17.0,60.0,3.0,Low,92.0,3.6,75.0,False
8177,Peter Jones,Female,90.0,25.0,90.0,2.0,Medium,80.0,2.9,64.0,True
1117,Michael Sampson,Male,85.0,25.0,78.0,1.0,Medium,87.0,2.6,67.0,False
4510,Daniel Erickson,Male,91.0,22.0,77.0,3.0,Medium,62.0,1.0,56.0,False
6804,David Aguilar,Female,70.0,17.0,78.0,2.0,High,80.0,3.6,56.0,True
4139,Benjamin Vance,Male,82.0,17.0,65.0,0.0,High,85.0,2.3,54.0,False
2604,Yolanda Chen,Male,82.0,15.0,85.0,3.0,High,80.0,2.4,63.0,False
1960,Kristina Douglas,Male,88.0,15.0,60.0,2.0,Medium,85.0,2.1,96.0,False
3536,Scott Davidson,Male,88.0,25.0,78.0,3.0,Low,72.0,0.3,70.0,True
1821,Alexandra Harrington,Female,82.0,12.0,65.0,1.0,Low,87.0,4.3,54.0,True
4853,Richard Johnson,Female,90.0,22.0,90.0,3.0,Low,80.0,3.1,76.0,False
1152,Jerry Browning,Female,91.0,22.0,85.0,2.0,Low,92.0,2.5,58.0,False
2127,Carrie Page,Male,95.0,18.0,65.0,1.0,Low,85.0,3.1,91.0,True
5905,Michelle Benjamin,Male,78.0,18.0,85.0,2.0,Low,72.0,0.8,68.0,True
6617,James Woods,Male,88.0,12.0,77.0,2.0,High,87.0,3.2,67.0,True
1058,Angela Dunn,Female,78.0,18.0,65.0,1.0,Low,62.0,2.8,57.0,True
3442,Nathan Riley,Male,95.0,22.0,70.0,0.0,Medium,68.0,0.2,73.0,True
6862,Shelby Mahoney,Male,92.0,20.0,88.0,2.0,Medium,88.0,3.7,65.0,True
3900,Andrea Frey,Female,85.0,10.0,88.0,0.0,Low,92.0,1.3,100.0,True
7267,Justin Martin,Male,85.0,25.0,90.0,1.0,Medium,85.0,4.1,64.0,True
1387,Mark Hartman,Male,70.0,30.0,82.0,2.0,Medium,90.0,3.2,75.0,False
1452,Antonio Hansen,Male,88.0,10.0,86.0,2.0,High,87.0,3.0,72.0,False
8149,Lynn Anderson,Male,70.0,22.0,90.0,2.0,High,62.0,0.0,84.0,True
6967,Michael Cooley,Female,90.0,30.0,86.0,1.0,Low,87.0,3.6,69.0,False
7691,Mitchell Sanders,Female,70.0,18.0,70.0,0.0,High,62.0,3.3,74.0,True
5930,Maria Cross,Female,82.0,17.0,82.0,2.0,High,62.0,3.9,88.0,False
8618,Lisa Castillo,Female,85.0,25.0,70.0,1.0,Low,68.0,3.3,68.0,False
2530,Theresa Rodriguez,Male,88.0,25.0,90.0,0.0,High,80.0,1.2,80.0,True
8461,Kimberly Wood,Female,91.0,25.0,60.0,1.0,Medium,92.0,0.7,94.0,True
2746,Patricia Cox,Female,92.0,10.0,70.0,1.0,High,72.0,1.2,57.0,False
3184,Kimberly Blair,Female,82.0,12.0,86.0,1.0,Medium,88.0,4.1,82.0,False
9976,Jason Ramirez,Female,78.0,17.0,77.0,2.0,High,85.0,3.8,83.0,False
4919,Gail Dudley,Female,85.0,20.0,82.0,3.0,Medium,90.0,1.6,84.0,True
3267,John West,Male,92.0,8.0,65.0,3.0,High,62.0,2.0,84.0,False
7812,Patricia Carr,Male,92.0,8.0,60.0,3.0,Low,80.0,4.3,98.0,False
8814,David Nunez,Male,95.0,18.0,60.0,0.0,Low,72.0,4.0,64.0,False
4595,Collin Peterson,Female,70.0,17.0,78.0,0.0,Medium,62.0,3.6,79.0,True
9751,Rebecca Smith,Male,70.0,22.0,86.0,1.0,High,62.0,0.7,79.0,True
1823,Lisa Benjamin,Female,70.0,30.0,90.0,1.0,Medium,90.0,3.8,76.0,False
7906,Desiree Reyes,Female,90.0,17.0,78.0,2.0,High,90.0,1.1,54.0,True
1508,Megan Diaz,Male,92.0,15.0,86.0,0.0,High,68.0,2.4,57.0,True
8619,Joseph Adams,Female,95.0,10.0,86.0,3.0,Low,87.0,3.9,60.0,False
2771,Sharon Watson,Male,88.0,22.0,60.0,0.0,Low,92.0,0.4,94.0,True
2669,Tiffany Smith,Female,91.0,20.0,86.0,1.0,Medium,72.0,2.1,73.0,True
9289,Alexander Preston,Female,85.0,8.0,77.0,2.0,Medium,90.0,3.2,79.0,True
8135,Randall Hickman,Male,82.0,18.0,86.0,2.0,Medium,78.0,2.2,96.0,False
6280,David Hernandez,Male,90.0,18.0,77.0,3.0,Medium,88.0,3.1,74.0,False
1470,Michelle Jones,Female,95.0,10.0,77.0,3.0,Medium,85.0,-5.0,200.0,False
1166,Tonya Gonzalez,Male,90.0,25.0,60.0,1.0,Low,92.0,3.5,91.0,False
8342,Sarah Johnson,Male,90.0,18.0,90.0,0.0,Low,92.0,1.5,87.0,False
8753,Grace Valencia,Female,70.0,12.0,88.0,1.0,Low,78.0,1.4,66.0,True
2976,Sarah Young,Male,95.0,20.0,70.0,0.0,High,92.0,3.7,67.0,False
2647,Gerald Weber,Male,88.0,25.0,88.0,2.0,Medium,80.0,3.5,58.0,False
1745,Gregory Turner,Male,82.0,18.0,78.0,1.0,High,80.0,2.9,80.0,False
8216,Laura Cortez,Female,78.0,15.0,82.0,1.0,High,87.0,2.0,54.0,True
3485,Lori Miller,Male,91.0,18.0,85.0,3.0,High,72.0,3.8,88.0,True
9561,Lori Gomez PhD,Female,85.0,17.0,82.0,3.0,Medium,85.0,2.8,53.0,True
4404,Dawn Foster,Male,88.0,20.0,65.0,2.0,High,72.0,0.4,50.0,False
8381,Peter Welch,Female,88.0,15.0,90.0,2.0,Low,80.0,3.5,79.0,True
4824,Maria Carter,Female,91.0,25.0,60.0,2.0,Low,92.0,3.2,67.0,True
2169,Daniel Hood,Male,78.0,18.0,86.0,3.0,Medium,78.0,0.6,94.0,False
7594,Amanda Hernandez,Female,82.0,12.0,77.0,1.0,High,88.0,0.2,77.0,False
5102,Alyssa Schmidt,Male,90.0,25.0,86.0,3.0,High,85.0,2.9,98.0,True
8708,Taylor Merritt DVM,Female,88.0,10.0,86.0,0.0,Low,78.0,4.8,80.0,False
7690,Alyssa Smith,Male,95.0,20.0,65.0,1.0,Medium,78.0,1.4,75.0,True
8451,Nathan Navarro,Male,95.0,18.0,88.0,2.0,Medium,72.0,4.1,50.0,False
7770,Lisa Zimmerman,Male,92.0,12.0,88.0,3.0,Medium,78.0,3.8,63.0,False
9998,Jeffrey Howard,Male,88.0,17.0,77.0,2.0,High,88.0,2.5,95.0,True
6091,Morgan Bell,Male,82.0,17.0,85.0,2.0,High,78.0,4.7,91.0,True
9165,Angelica Steele,Female,82.0,18.0,60.0,1.0,Medium,92.0,2.3,59.0,False
4122,Gregory Daniels,Male,90.0,18.0,60.0,1.0,Low,85.0,4.1,68.0,False
9022,Eric Davis,Male,85.0,12.0,77.0,1.0,Medium,72.0,3.8,74.0,False
7325,Ruth Davis,Male,85.0,15.0,65.0,2.0,Low,90.0,4.3,78.0,True
9617,Emily Torres,Male,85.0,17.0,60.0,0.0,High,78.0,3.9,66.0,False
7512,Nancy Davis,Male,95.0,12.0,60.0,1.0,Low,78.0,4.4,52.0,True
4846,Amanda Bowers,Female,92.0,20.0,60.0,2.0,Low,87.0,2.2,94.0,False
1474,Alison Lang,Male,95.0,15.0,82.0,1.0,Medium,62.0,0.7,83.0,False
3950,Matthew Massey,Male,78.0,20.0,86.0,2.0,Low,92.0,2.5,76.0,True
4804,James Anderson,Male,88.0,17.0,82.0,1.0,Medium,85.0,3.4,60.0,True
8237,Robert Howard,Female,91.0,18.0,60.0,2.0,Medium,85.0,1.0,74.0,False
2747,Rebecca Brown,Male,70.0,22.0,88.0,3.0,Medium,85.0,0.1,92.0,False
5497,Kimberly Harrison,Male,91.0,15.0,86.0,2.0,Medium,92.0,3.0,72.0,True
4115,Derek Parks,Female,78.0,20.0,78.0,2.0,Medium,80.0,2.9,76.0,True
2476,Jennifer Baker,Female,95.0,8.0,65.0,3.0,High,72.0,4.4,73.0,False
3695,Diana Schultz,Female,85.0,18.0,88.0,2.0,Medium,87.0,0.7,64.0,False
6992,Mrs. Jill Long,Male,70.0,15.0,82.0,2.0,High,78.0,1.8,97.0,False
7242,Heather Johnson,Female,90.0,25.0,77.0,1.0,Low,72.0,1.6,89.0,True
2035,Robert Lowery,Female,88.0,8.0,85.0,0.0,High,80.0,1.5,81.0,True
2592,Unknown Student,Male,82.0,10.0,60.0,1.0,Medium,72.0,2.1,97.0,True
7797,Angela Williams,Male,85.0,22.0,60.0,2.0,High,80.0,1.1,78.0,True
6942,Brent Burns,Male,95.0,12.0,88.0,1.0,Medium,85.0,0.9,57.0,False
2501,Melissa Barber,Male,91.0,15.0,78.0,1.0,High,68.0,3.9,63.0,True
4394,John Warner,Male,92.0,30.0,65.0,3.0,High,80.0,4.3,59.0,True
9850,Christopher Baxter,Female,78.0,17.0,78.0,0.0,High,90.0,3.9,65.0,False
1258,Courtney Haas,Male,88.0,15.0,65.0,0.0,Low,87.0,3.7,80.0,False
6931,Sarah Ross,Male,85.0,12.0,90.0,3.0,High,72.0,1.5,91.0,True
1996,Manuel Baker,Female,70.0,8.0,85.0,1.0,Low,80.0,0.4,55.0,False
3430,Jessica Lamb,Male,78.0,18.0,86.0,2.0,Low,90.0,-5.0,200.0,False
8433,Jaime Nguyen,Female,90.0,20.0,70.0,3.0,Medium,78.0,4.4,76.0,False
2099,Christina Thompson,Male,90.0,20.0,60.0,2.0,Low,90.0,4.1,85.0,True
6400,Shari Harrell,Male,70.0,17.0,60.0,1.0,Medium,88.0,1.6,56.0,True
3535,Tracy Gibbs,Female,92.0,20.0,88.0,2.0,Medium,87.0,3.8,86.0,True
8030,David Hoffman,Male,91.0,17.0,78.0,0.0,Medium,85.0,4.6,72.0,True
3972,Robert Davis,Male,91.0,8.0,85.0,0.0,Low,80.0,0.5,83.0,True
7163,Patricia Greer,Female,85.0,30.0,78.0,1.0,Medium,90.0,3.9,86.0,True
1861,James Stewart,Male,78.0,22.0,78.0,2.0,Medium,78.0,3.3,81.0,False
7785,Brent Mendoza,Female,92.0,12.0,85.0,1.0,Medium,87.0,1.4,93.0,False
9633,Dawn Taylor,Female,85.0,25.0,60.0,3.0,High,80.0,1.0,63.0,True
5186,Larry Brown,Female,95.0,20.0,78.0,1.0,Low,62.0,0.9,74.0,True
9196,Miss Teresa Hernandez MD,Female,90.0,8.0,78.0,0.0,High,78.0,4.6,70.0,False
7626,Edward Baker,Female,88.0,20.0,60.0,1.0,Medium,68.0,4.0,89.0,False
6928,Diana Gould,Male,70.0,20.0,90.0,0.0,Low,62.0,2.6,75.0,False
6562,Amy Rodriguez,Male,95.0,10.0,85.0,2.0,Low,80.0,2.7,62.0,False
6752,Paul Hull,Male,92.0,20.0,65.0,2.0,High,68.0,3.0,98.0,True
3902,Allison Hamilton,Female,85.0,22.0,86.0,1.0,Low,88.0,3.2,89.0,False
6179,John King,Male,85.0,20.0,77.0,1.0,Low,85.0,4.0,87.0,True
6766,Tristan Avila,Male,88.0,17.0,77.0,2.0,High,90.0,4.2,54.0,True
9307,Connie Cooper,Female,85.0,22.0,70.0,1.0,Medium,88.0,3.3,70.0,False
9214,Judith Santos,Male,85.0,17.0,85.0,2.0,Low,87.0,2.5,61.0,True
5059,Michaela Powell,Female,85.0,12.0,70.0,3.0,High,90.0,-5.0,200.0,False
7697,Lawrence Roberts,Female,91.0,15.0,88.0,2.0,Medium,87.0,2.8,74.0,False
5128,Nicholas Robinson DDS,Male,95.0,20.0,86.0,0.0,Medium,85.0,4.8,94.0,False
3112,Jill Smith,Male,88.0,12.0,60.0,1.0,High,72.0,0.5,92.0,False
9331,Michael Burns,Female,85.0,30.0,82.0,0.0,High,90.0,4.7,81.0,True
4711,Adam Weaver,Male,78.0,20.0,82.0,2.0,Low,72.0,4.2,83.0,True
6517,Melvin Mcgee,Male,91.0,8.0,65.0,0.0,High,88.0,4.0,60.0,False
1715,William Banks,Female,95.0,25.0,77.0,3.0,Medium,78.0,1.2,65.0,False
8684,Dawn Morton,Male,95.0,22.0,78.0,1.0,Medium,80.0,2.5,76.0,True
4271,Frank Dawson,Male,88.0,15.0,77.0,1.0,Low,87.0,3.6,83.0,True
5670,Gregory Davila,Male,78.0,18.0,77.0,2.0,High,62.0,0.5,64.0,False
6727,Rebekah Finley,Male,70.0,15.0,60.0,2.0,Medium,92.0,1.9,55.0,False
4678,Robert Martinez,Male,95.0,20.0,88.0,0.0,High,80.0,1.4,80.0,True
8685,Steven Crawford,Female,91.0,15.0,85.0,1.0,Medium,92.0,4.2,85.0,False
2821,Leslie King,Female,92.0,17.0,85.0,1.0,High,80.0,3.2,89.0,False
2029,George Cannon,Male,85.0,22.0,70.0,1.0,Low,72.0,2.9,95.0,True
5772,Adam Carlson,Female,85.0,22.0,88.0,3.0,High,62.0,0.9,92.0,True
9576,Stephanie Lawrence,Female,90.0,12.0,70.0,2.0,Low,72.0,0.1,80.0,True
7338,Unknown Student,Female,88.0,15.0,88.0,2.0,Medium,92.0,3.7,90.0,True
6447,Adam Blackwell,Male,85.0,30.0,70.0,1.0,Low,68.0,4.2,93.0,False
8840,Andrew Owens,Male,78.0,20.0,77.0,1.0,Medium,92.0,0.2,62.0,True
6170,John Sexton,Female,82.0,8.0,70.0,1.0,Medium,80.0,3.8,76.0,False
4060,Leon Nguyen,Female,85.0,30.0,70.0,2.0,High,62.0,0.4,88.0,True
9937,John White,Female,95.0,20.0,85.0,1.0,Low,85.0,1.5,88.0,False
3730,Justin Martinez,Female,95.0,17.0,78.0,1.0,Low,62.0,1.4,100.0,True
2229,Nathaniel Kemp,Female,88.0,12.0,65.0,1.0,High,88.0,3.4,78.0,True
3068,Jacob Murray,Male,92.0,30.0,88.0,0.0,Low,80.0,3.0,93.0,False
7077,Anthony Green,Female,85.0,20.0,86.0,0.0,Low,90.0,2.0,91.0,False
5089,Trevor Freeman,Male,85.0,17.0,77.0,2.0,Medium,72.0,2.5,99.0,False
8311,Michael Smith,Male,91.0,18.0,77.0,3.0,High,68.0,4.3,78.0,True
8292,William Hogan,Male,95.0,30.0,85.0,2.0,Low,85.0,4.5,60.0,True
6922,Unknown Student,Male,90.0,25.0,65.0,3.0,Medium,80.0,1.8,86.0,False
8657,Unknown Student,Male,91.0,20.0,85.0,2.0,Medium,78.0,2.6,99.0,False
2208,Joshua Juarez,Male,95.0,20.0,77.0,1.0,High,72.0,1.7,99.0,True
3114,Keith Wu,Female,82.0,15.0,85.0,2.0,High,85.0,0.8,70.0,True
6669,Ryan Williams,Female,90.0,18.0,90.0,2.0,High,68.0,3.1,89.0,True
9234,Ronald Stewart,Male,91.0,22.0,65.0,0.0,Low,88.0,3.6,88.0,False
1674,Ronald Schmidt,Male,90.0,15.0,86.0,2.0,Low,92.0,3.8,76.0,True
9159,Courtney Bradley,Female,88.0,17.0,90.0,0.0,Medium,78.0,0.4,53.0,True
8202,Deanna Gonzalez,Female,85.0,17.0,90.0,1.0,Low,68.0,1.6,95.0,False
6658,Darrell Adams,Female,78.0,30.0,70.0,2.0,High,90.0,1.2,57.0,False
8366,Michael Mata,Male,78.0,20.0,78.0,2.0,Medium,88.0,2.1,60.0,True
6123,Anthony Dunn,Male,78.0,17.0,78.0,1.0,Medium,85.0,2.5,55.0,False
5681,Jill Williams,Male,90.0,8.0,65.0,2.0,Low,90.0,3.8,73.0,True
7563,Julia Russell,Male,91.0,12.0,90.0,1.0,Low,85.0,0.4,82.0,False
4261,Tonya Thompson,Female,82.0,15.0,78.0,1.0,High,90.0,4.0,83.0,False
3440,Brandon Williamson,Male,95.0,17.0,88.0,0.0,Medium,80.0,2.5,69.0,False
9311,Joseph Davis,Female,91.0,18.0,78.0,1.0,Medium,90.0,3.4,76.0,False
1436,Elizabeth Andersen,Female,88.0,22.0,86.0,3.0,Low,80.0,2.9,60.0,False
3421,Jeffrey Meyers,Male,85.0,22.0,85.0,3.0,High,78.0,1.6,59.0,False
4340,Christopher Jones,Female,82.0,22.0,77.0,1.0,Low,68.0,2.6,85.0,False
8837,Aimee Rogers,Female,95.0,10.0,77.0,2.0,Medium,72.0,2.5,99.0,False
8932,Alexis Bates,Male,92.0,18.0,70.0,2.0,High,85.0,3.9,95.0,True
9011,Michael Evans,Female,85.0,30.0,70.0,2.0,Medium,87.0,2.5,76.0,False
7464,Omar Gonzalez,Female,78.0,18.0,78.0,2.0,Low,87.0,1.7,78.0,False
8849,Melissa Perry,Male,92.0,12.0,82.0,2.0,Low,85.0,0.7,89.0,True
4972,Dawn Torres,Male,82.0,25.0,90.0,1.0,High,62.0,1.7,80.0,True
3252,Timothy Dean,Male,82.0,17.0,60.0,1.0,Medium,92.0,3.8,68.0,False
5676,Anna Rollins MD,Male,90.0,22.0,90.0,2.0,Low,80.0,4.6,61.0,False
3880,Timothy Barrera,Male,70.0,17.0,65.0,2.0,High,80.0,1.5,76.0,True
6489,Susan Morris,Female,85.0,12.0,70.0,1.0,High,72.0,2.3,62.0,True
6417,Gordon Merritt,Male,85.0,18.0,65.0,2.0,Low,90.0,4.0,86.0,True
3875,Kristy Rhodes,Female,70.0,12.0,88.0,2.0,Medium,87.0,0.9,58.0,False
5285,Ms. Marissa Ramirez,Female,92.0,15.0,85.0,1.0,High,68.0,2.0,82.0,False
2923,Paul Hickman,Male,95.0,22.0,90.0,3.0,High,78.0,0.8,97.0,False
7813,Mrs. Kathy Woodward,Female,82.0,25.0,90.0,3.0,High,72.0,2.2,95.0,False
2279,Alexis Horn,Male,85.0,12.0,70.0,3.0,Low,72.0,0.7,70.0,False
2904,Shannon Harris DDS,Male,91.0,17.0,85.0,2.0,Medium,80.0,2.3,82.0,False
8484,Alicia Ortiz,Male,82.0,17.0,82.0,1.0,Medium,85.0,-5.0,200.0,True
5703,Alexis Walton,Female,78.0,10.0,60.0,1.0,Medium,80.0,4.3,74.0,False
1372,Gina Palmer,Female,85.0,12.0,60.0,2.0,Medium,92.0,1.2,72.0,True
5516,Jean Moreno,Male,90.0,15.0,60.0,3.0,High,80.0,1.0,56.0,True
8314,David Anderson,Male,92.0,15.0,60.0,1.0,High,72.0,1.1,99.0,True
3295,Brian Huffman,Female,92.0,22.0,78.0,3.0,Low,90.0,1.2,59.0,True
7775,Jose Liu,Male,88.0,15.0,70.0,3.0,Low,68.0,3.1,77.0,False
1768,Cathy Pratt,Female,88.0,12.0,88.0,0.0,Medium,68.0,1.5,61.0,False
4948,Kathy Sandoval,Male,88.0,10.0,77.0,1.0,Low,62.0,4.8,85.0,True
7363,Michael Webb,Male,88.0,25.0,88.0,2.0,Medium,90.0,0.5,96.0,True
1844,Ronnie Taylor,Female,70.0,22.0,86.0,1.0,High,92.0,4.0,87.0,True
8854,Matthew Miller,Male,95.0,18.0,78.0,3.0,High,87.0,3.7,98.0,False
4974,Shelly Hurley,Male,70.0,25.0,70.0,1.0,Medium,62.0,2.3,91.0,False
6053,Mr. Martin Dominguez MD,Female,95.0,12.0,77.0,1.0,High,78.0,3.8,70.0,True
7073,Jennifer Wiggins,Female,70.0,17.0,86.0,3.0,Low,68.0,0.1,85.0,False
5836,Anthony Smith,Male,92.0,30.0,90.0,0.0,Low,92.0,2.5,91.0,False
5216,John Lopez,Female,85.0,17.0,65.0,1.0,High,68.0,3.6,81.0,True
9882,Nathan Rodgers,Male,82.0,15.0,85.0,1.0,High,62.0,0.7,90.0,True
2113,Martin Walker,Male,85.0,25.0,70.0,1.0,Medium,80.0,3.1,92.0,False
8993,Jesus Wood,Male,85.0,12.0,70.0,0.0,High,80.0,2.6,67.0,False
1280,Kelly Bell,Female,78.0,20.0,85.0,2.0,High,92.0,1.0,83.0,False
6807,Kathryn Randall,Female,70.0,20.0,88.0,0.0,Medium,88.0,1.2,94.0,True
5914,Sarah Norris,Male,85.0,20.0,60.0,0.0,Medium,72.0,2.4,90.0,True
3807,Matthew Adams,Male,85.0,8.0,78.0,3.0,High,72.0,4.6,64.0,True
8790,William Wade,Female,85.0,20.0,82.0,2.0,Low,80.0,0.9,70.0,True
7288,Teresa Sanders,Male,90.0,12.0,88.0,1.0,High,62.0,1.2,54.0,False
7499,Richard Oneal,Female,85.0,18.0,77.0,1.0,High,90.0,2.8,74.0,False
4043,Christine Cooper,Female,90.0,22.0,82.0,3.0,Low,87.0,0.4,59.0,False
3527,Michael Foster,Female,95.0,30.0,78.0,2.0,High,85.0,-5.0,200.0,False
2674,Loretta Gonzalez,Male,90.0,10.0,60.0,1.0,Low,72.0,2.6,56.0,True
2468,Douglas Ingram,Female,82.0,20.0,86.0,3.0,Medium,62.0,0.1,76.0,False
2387,Randy Anderson,Male,91.0,12.0,65.0,0.0,High,68.0,1.3,67.0,False
3390,Donna Shaw,Male,78.0,8.0,82.0,0.0,Medium,78.0,3.9,73.0,False
5040,Joseph Holt,Female,91.0,22.0,90.0,1.0,High,68.0,2.5,75.0,False
7224,Taylor Acosta,Female,85.0,30.0,60.0,3.0,High,85.0,1.6,94.0,True
8848,Danielle Scott,Female,78.0,8.0,88.0,2.0,Low,78.0,4.8,100.0,True
6339,Melissa Aguirre,Female,88.0,8.0,88.0,2.0,Low,92.0,3.0,84.0,True
1440,Cassandra Snyder,Female,92.0,17.0,82.0,2.0,Medium,80.0,0.7,69.0,True
5139,Kimberly Lambert,Male,70.0,8.0,85.0,1.0,Low,78.0,2.9,84.0,False
9907,Rebecca Mendoza DDS,Male,95.0,12.0,86.0,2.0,High,92.0,3.3,72.0,True
1725,Michael Anderson,Female,95.0,8.0,85.0,1.0,High,85.0,1.1,97.0,True
8303,Hannah Gentry,Female,70.0,17.0,86.0,2.0,High,90.0,5.0,80.0,True
5840,Patrick Reed,Female,90.0,20.0,65.0,1.0,Medium,90.0,2.3,63.0,False
6706,Tiffany Huff,Female,90.0,17.0,77.0,2.0,High,85.0,0.2,95.0,True
1370,Thomas Lee,Female,90.0,10.0,90.0,2.0,High,72.0,0.8,85.0,False
8570,Justin Clark,Male,70.0,10.0,65.0,2.0,Medium,80.0,3.7,62.0,False
8037,Michael Martinez,Female,85.0,25.0,90.0,2.0,Low,87.0,2.9,84.0,True
6993,Vincent Smith,Female,88.0,17.0,85.0,2.0,Low,78.0,2.6,90.0,False
7367,Sean Hull,Female,91.0,20.0,88.0,1.0,Medium,88.0,0.9,93.0,False
2388,Sarah Welch,Male,95.0,20.0,90.0,2.0,High,68.0,1.9,59.0,False
7852,Mr. Stephen Gilmore,Male,91.0,8.0,60.0,0.0,Medium,72.0,3.5,91.0,True
3733,Barry Parker,Female,88.0,10.0,65.0,1.0,Medium,88.0,2.5,72.0,True
8939,Joshua Kane,Male,92.0,8.0,70.0,2.0,Low,78.0,2.0,81.0,False
8272,Anthony Wright,Female,78.0,20.0,86.0,1.0,High,85.0,0.2,64.0,False
3755,Nathaniel Lopez,Female,91.0,17.0,70.0,2.0,High,88.0,0.6,99.0,False
9880,Darlene Fletcher,Male,85.0,12.0,90.0,0.0,High,92.0,1.5,76.0,False
5305,Christopher Moore,Female,90.0,17.0,85.0,3.0,High,88.0,3.4,95.0,False
3719,Benjamin White,Male,92.0,25.0,78.0,3.0,Medium,72.0,2.5,84.0,True
6302,Jenny Coleman,Female,88.0,22.0,82.0,2.0,Low,87.0,0.7,98.0,False
1971,Michael Gomez,Female,78.0,10.0,90.0,0.0,Low,90.0,4.1,98.0,False
9019,Caleb Serrano,Male,91.0,18.0,60.0,0.0,Medium,87.0,3.2,99.0,True
7600,William Carlson,Female,95.0,17.0,77.0,1.0,Low,80.0,4.3,96.0,True
8511,Timothy Pruitt,Female,90.0,12.0,60.0,3.0,Medium,92.0,2.5,70.0,False
6533,Mario Johnston,Male,91.0,17.0,88.0,1.0,High,87.0,3.1,79.0,True
3035,Rebecca Kim,Male,85.0,17.0,78.0,0.0,High,68.0,4.4,76.0,True
5489,Joyce Williams,Male,95.0,18.0,85.0,1.0,Low,68.0,0.3,90.0,False
4836,Cynthia Sloan,Female,90.0,20.0,78.0,2.0,Medium,87.0,0.7,64.0,False
2690,Unknown Student,Female,95.0,18.0,65.0,0.0,High,68.0,0.3,86.0,True
3688,Patricia Williams,Female,95.0,25.0,65.0,0.0,Low,78.0,4.3,55.0,True
3293,Michael Payne,Male,91.0,8.0,88.0,0.0,Medium,68.0,1.2,91.0,True
5065,Brooke Friedman,Female,85.0,18.0,90.0,2.0,Low,72.0,0.9,75.0,False
1894,Daniel Mathis,Male,85.0,8.0,85.0,3.0,Medium,88.0,0.4,50.0,False
6185,Lynn Jennings,Male,70.0,22.0,60.0,1.0,Low,68.0,3.8,99.0,True
1273,Kimberly Randolph,Male,85.0,18.0,90.0,1.0,High,62.0,2.5,90.0,False
7939,Jack Simmons,Female,90.0,12.0,70.0,3.0,High,85.0,0.4,55.0,True
3545,Daniel Mendez,Female,70.0,22.0,85.0,2.0,Low,62.0,3.6,65.0,True
5005,Travis Lawson,Male,70.0,20.0,77.0,3.0,Low,80.0,1.5,97.0,True
2956,Jason Horne DDS,Male,78.0,15.0,65.0,1.0,Medium,72.0,2.5,96.0,False
3735,Shawn Galloway,Female,78.0,18.0,85.0,1.0,Medium,62.0,1.4,54.0,False
2262,Thomas Barnes,Female,85.0,12.0,88.0,1.0,Medium,88.0,0.8,60.0,False
2685,Elizabeth Curry,Male,92.0,12.0,78.0,1.0,High,92.0,0.2,73.0,False
3458,Nicole Cunningham,Male,85.0,12.0,60.0,3.0,High,92.0,2.1,96.0,False
5444,Patrick Thompson,Male,91.0,30.0,85.0,2.0,Low,80.0,0.9,83.0,True
7568,Marissa Stewart,Male,85.0,18.0,82.0,1.0,High,72.0,2.3,73.0,True
5777,Melissa Wilson,Female,91.0,25.0,77.0,1.0,Low,78.0,5.0,99.0,True
6488,Mark Castillo,Male,70.0,18.0,85.0,3.0,Low,92.0,2.1,53.0,True
5584,Mr. Kent Stanton,Male,85.0,25.0,70.0,0.0,Low,90.0,2.3,97.0,True
2565,Tyrone Phillips,Male,70.0,20.0,86.0,3.0,High,62.0,3.3,58.0,True
5778,Christopher Collins,Female,95.0,8.0,88.0,1.0,Medium,85.0,1.2,62.0,True
8404,Christopher Mccullough,Female,85.0,18.0,85.0,2.0,High,85.0,4.1,94.0,True
4522,Carla Rodriguez,Female,78.0,20.0,90.0,1.0,Medium,72.0,0.2,69.0,False
3848,Makayla Howard,Male,70.0,17.0,70.0,2.0,High,87.0,2.3,100.0,True
2989,Barbara White,Male,85.0,25.0,65.0,3.0,Medium,90.0,3.4,91.0,True
5240,Sarah Davis,Male,85.0,20.0,90.0,1.0,High,87.0,4.5,76.0,True
1699,Cody Donovan,Female,85.0,10.0,86.0,0.0,Low,62.0,2.5,74.0,False
3831,Jessica Jenkins,Female,92.0,10.0,82.0,2.0,High,68.0,-5.0,200.0,True
5835,Benjamin Alexander,Female,70.0,12.0,77.0,1.0,High,85.0,1.9,76.0,True
9614,Isaac Lopez,Male,82.0,15.0,60.0,1.0,Medium,72.0,3.9,72.0,False
1959,Brian Avery,Female,88.0,17.0,86.0,3.0,High,87.0,1.2,65.0,False
9743,Amy Lawson,Male,92.0,22.0,60.0,1.0,High,68.0,1.2,76.0,False
1462,Derek Choi,Female,91.0,22.0,65.0,3.0,High,78.0,2.7,61.0,False
1621,Paul Reese,Male,85.0,25.0,86.0,3.0,High,72.0,2.4,71.0,True
3137,Francisco Chang,Female,78.0,30.0,78.0,1.0,High,88.0,3.5,59.0,True
9622,Christian Knight,Female,90.0,17.0,60.0,3.0,High,90.0,1.5,58.0,True
8157,Andrew Wilkerson,Female,95.0,10.0,70.0,3.0,Medium,92.0,3.3,61.0,False
6026,Brandon Alvarez,Female,78.0,10.0,78.0,3.0,Medium,88.0,0.2,88.0,False
4619,Gary Young,Male,85.0,10.0,88.0,2.0,High,90.0,4.9,60.0,True
6500,Jessica Wright,Female,85.0,18.0,90.0,3.0,Low,87.0,1.8,100.0,True
1020,Timothy Clements,Male,70.0,17.0,60.0,0.0,Medium,80.0,4.4,72.0,False
2661,Alexander Gordon DDS,Female,91.0,25.0,65.0,1.0,High,80.0,1.5,70.0,False
2715,James Martinez,Male,95.0,10.0,60.0,0.0,Low,87.0,2.7,55.0,False
8909,Francisco Williams,Male,70.0,10.0,86.0,0.0,High,80.0,0.5,63.0,True
7705,Jordan Brooks,Female,88.0,18.0,90.0,2.0,High,62.0,2.9,81.0,True
1893,Kurt Boyd,Female,85.0,8.0,85.0,2.0,Low,88.0,2.4,56.0,True
4390,Bryan Salazar,Male,88.0,20.0,77.0,2.0,Medium,62.0,2.4,92.0,False
2493,Mrs. Heather Roy,Female,78.0,30.0,60.0,1.0,High,78.0,0.2,78.0,False
5315,Unknown Student,Male,88.0,22.0,78.0,0.0,Low,87.0,0.4,72.0,False
4727,Kathleen Newton,Male,70.0,12.0,60.0,2.0,Low,78.0,2.9,65.0,False
5896,Julian Fox,Male,70.0,15.0,70.0,3.0,Low,88.0,3.4,89.0,True
2970,Kylie Hancock,Female,78.0,10.0,90.0,3.0,High,80.0,2.1,93.0,False
4308,Matthew Werner,Male,91.0,18.0,88.0,2.0,High,62.0,2.8,85.0,False
5525,Kelsey Bush,Female,85.0,22.0,86.0,2.0,Medium,87.0,2.1,59.0,True
2730,Brandon Dickerson,Male,88.0,12.0,88.0,0.0,Medium,62.0,3.3,86.0,False
1613,Jamie Allen,Male,88.0,8.0,65.0,3.0,Low,62.0,0.2,71.0,True
1807,Taylor Smith,Female,88.0,30.0,78.0,1.0,Medium,80.0,1.4,81.0,True
4734,Elizabeth Chavez,Male,88.0,17.0,88.0,2.0,Low,62.0,3.0,55.0,True
9303,Donna Hardin,Female,78.0,12.0,86.0,1.0,High,92.0,4.4,62.0,True
5087,Andrew Cook,Male,85.0,15.0,88.0,3.0,Medium,80.0,4.1,82.0,False
6640,Samuel Shaw,Male,88.0,20.0,82.0,1.0,Medium,80.0,0.8,86.0,True
4626,Mike Waters,Male,92.0,18.0,60.0,2.0,High,80.0,2.4,58.0,True
1138,Andrea Newman,Male,88.0,22.0,82.0,2.0,Medium,62.0,4.3,79.0,False
4575,Unknown Student,Female,88.0,12.0,86.0,0.0,Low,87.0,0.0,92.0,True
5631,Barry Jenkins,Female,90.0,17.0,85.0,1.0,Medium,90.0,4.3,76.0,False
4086,Laurie Johnson,Male,82.0,25.0,78.0,3.0,Medium,90.0,3.4,96.0,True
9148,John Coleman,Female,88.0,8.0,60.0,0.0,Low,80.0,2.9,86.0,True
6622,John Carter,Male,82.0,17.0,88.0,2.0,Medium,68.0,4.2,85.0,True
5813,Mr. Devon Garrett,Male,85.0,10.0,82.0,2.0,High,90.0,3.3,64.0,False
4659,Jill Kelly,Female,70.0,30.0,78.0,2.0,Low,85.0,-5.0,200.0,False
1879,Richard Gonzalez,Male,85.0,25.0,70.0,2.0,Low,62.0,2.6,76.0,True
3470,Alex White,Male,92.0,30.0,60.0,3.0,Medium,68.0,1.6,95.0,True
2324,Michael Gonzales,Female,95.0,10.0,88.0,1.0,High,78.0,1.4,98.0,True
3595,John Williams,Female,90.0,10.0,86.0,2.0,Low,62.0,2.0,80.0,False
1076,Daniel Herrera,Male,82.0,25.0,88.0,1.0,Medium,72.0,1.0,93.0,True
1749,Ian Glass,Female,88.0,17.0,70.0,3.0,Low,80.0,2.2,93.0,True
6615,Heidi Simmons,Female,95.0,25.0,65.0,0.0,High,92.0,1.1,58.0,True
1359,Andrea Fuller,Male,90.0,30.0,78.0,0.0,Low,85.0,3.9,89.0,True
1785,David Dunlap,Male,85.0,15.0,85.0,0.0,Medium,62.0,0.6,66.0,False
3508,Antonio Mitchell,Male,85.0,18.0,60.0,2.0,Low,72.0,1.3,88.0,True
7862,Mariah Cole,Male,82.0,22.0,85.0,2.0,High,87.0,2.5,88.0,True
6416,Raymond Murillo,Male,85.0,15.0,85.0,2.0,Low,78.0,-5.0,200.0,True
2659,Andrea Bradley,Female,92.0,17.0,82.0,2.0,Medium,80.0,0.5,61.0,True
5760,Unknown Student,Female,95.0,8.0,85.0,2.0,High,80.0,4.3,76.0,True
6384,Tina Velazquez,Female,88.0,22.0,82.0,2.0,Medium,90.0,0.9,75.0,False
8479,Bonnie Callahan,Female,70.0,17.0,60.0,0.0,High,68.0,3.5,53.0,True
2699,Eric Scott,Female,91.0,17.0,86.0,1.0,High,88.0,1.9,72.0,True
9598,Michael Valenzuela,Male,95.0,12.0,70.0,2.0,High,62.0,3.3,65.0,False
6664,Robin Spears,Female,78.0,12.0,86.0,1.0,High,68.0,2.5,80.0,False
3709,David Owens,Male,85.0,30.0,90.0,1.0,Medium,80.0,2.5,85.0,False
7607,Unknown Student,Male,90.0,17.0,77.0,3.0,Medium,87.0,4.3,78.0,False
2944,Elizabeth Clark,Female,85.0,20.0,78.0,0.0,High,72.0,2.7,55.0,False
9328,Beverly Fisher,Male,85.0,30.0,88.0,1.0,High,78.0,1.7,76.0,False
6952,Sarah Bailey,Female,90.0,20.0,90.0,1.0,Medium,90.0,4.1,68.0,False
2741,Kendra Ramirez,Male,78.0,17.0,65.0,0.0,High,85.0,3.1,62.0,True
7437,Diane Ross,Male,85.0,25.0,88.0,2.0,Medium,80.0,4.6,93.0,True
8912,Michelle Woods,Male,91.0,10.0,65.0,2.0,Medium,88.0,3.0,70.0,False
7859,David Ruiz,Male,88.0,8.0,88.0,2.0,Medium,68.0,0.7,88.0,False
9975,Jason Castro,Female,82.0,17.0,90.0,3.0,Low,85.0,3.4,93.0,True
3913,Kathleen Montgomery,Female,90.0,17.0,70.0,2.0,Low,88.0,4.7,95.0,False
9747,James Bennett,Female,70.0,17.0,70.0,2.0,High,62.0,0.7,92.0,True
4275,Kelsey Watkins,Female,78.0,17.0,82.0,0.0,High,85.0,1.0,76.0,True
6876,David Park,Female,90.0,22.0,70.0,3.0,Low,72.0,1.9,82.0,False
1769,Christopher Poole,Female,70.0,8.0,88.0,2.0,High,80.0,3.7,62.0,False
4695,Rebecca Baxter,Female,88.0,12.0,86.0,3.0,Low,92.0,1.5,61.0,True
4063,Virginia Daniel,Male,82.0,20.0,60.0,1.0,Medium,85.0,2.8,58.0,True
5178,Melissa Gordon,Male,95.0,17.0,65.0,1.0,High,90.0,3.0,99.0,True
9037,Brett Barrett,Female,90.0,30.0,70.0,3.0,High,72.0,0.3,82.0,True
7814,Brandon Townsend,Female,90.0,30.0,90.0,3.0,Low,90.0,2.5,68.0,True
9691,Haley Robertson,Female,82.0,15.0,85.0,1.0,Medium,92.0,4.5,89.0,True
1653,Michelle Gonzalez,Female,70.0,20.0,60.0,2.0,Low,85.0,0.1,83.0,False
9426,Gary Holland,Female,85.0,17.0,82.0,3.0,Medium,72.0,0.4,56.0,True
9814,Felicia Howard,Male,90.0,25.0,90.0,0.0,High,92.0,2.7,94.0,False
2181,Sean Walker,Male,85.0,17.0,88.0,1.0,High,87.0,0.3,100.0,False
2154,Brianna Mills,Male,88.0,8.0,60.0,1.0,Low,62.0,2.2,51.0,False
2938,Michael Case,Male,91.0,20.0,86.0,1.0,Low,87.0,1.8,82.0,True
5748,Felicia Houston,Female,91.0,20.0,82.0,1.0,Medium,62.0,4.1,51.0,False
3561,Kevin Wilson,Male,78.0,8.0,70.0,2.0,Low,68.0,1.5,100.0,False
1182,Mary Vaughn,Male,90.0,15.0,78.0,3.0,Low,62.0,2.7,55.0,True
4441,Unknown Student,Female,92.0,8.0,70.0,0.0,High,68.0,1.1,66.0,True
2877,Maurice Martinez,Male,91.0,15.0,70.0,1.0,Low,72.0,0.4,92.0,True
5107,Jonathon Perry,Male,92.0,22.0,77.0,1.0,Medium,68.0,3.4,65.0,True
5671,Unknown Student,Male,92.0,30.0,77.0,2.0,Medium,88.0,3.3,94.0,True
6971,Rebecca Evans,Female,88.0,10.0,78.0,1.0,High,92.0,3.6,91.0,False
5533,Paul Williams,Female,78.0,30.0,77.0,1.0,Medium,90.0,3.9,81.0,True
3879,Tyler Boyer,Male,88.0,10.0,70.0,3.0,Medium,87.0,3.6,51.0,True
7637,Kristy Nichols,Male,85.0,12.0,82.0,2.0,Low,78.0,3.3,59.0,False
7430,Darren Martin,Male,91.0,18.0,65.0,1.0,Low,72.0,0.5,73.0,True
4913,Katelyn Morgan,Male,82.0,10.0,77.0,0.0,High,88.0,4.7,92.0,True
9485,Jesus Henson,Female,70.0,17.0,77.0,1.0,High,90.0,0.5,83.0,False
5314,Robin Stewart,Male,70.0,8.0,88.0,3.0,Low,87.0,2.6,74.0,True
9460,Lawrence Miller,Female,95.0,30.0,77.0,1.0,Low,80.0,2.5,76.0,False
3713,Ronnie White,Male,90.0,12.0,82.0,3.0,High,68.0,0.8,88.0,True
4773,John Fox,Female,95.0,20.0,77.0,1.0,Medium,92.0,3.0,91.0,False
1367,Unknown Student,Male,85.0,10.0,86.0,3.0,High,68.0,3.1,52.0,True
1916,Daniel Scott,Male,88.0,10.0,70.0,0.0,Low,88.0,3.2,96.0,False
2404,Unknown Student,Male,85.0,22.0,77.0,1.0,High,92.0,4.2,88.0,True
3979,Jonathan Mann,Female,78.0,17.0,77.0,3.0,Low,87.0,1.1,76.0,True
2778,Bethany Andersen,Male,92.0,17.0,70.0,0.0,High,88.0,0.5,80.0,True
9706,Tiffany Moore,Male,90.0,17.0,65.0,3.0,Low,80.0,4.5,99.0,False
9553,Sylvia Chavez,Female,95.0,15.0,70.0,0.0,High,78.0,3.9,74.0,False
2600,Gerald Reilly,Female,78.0,18.0,77.0,3.0,High,85.0,3.0,76.0,False
5223,Ashlee Wilcox,Male,85.0,15.0,86.0,2.0,High,72.0,0.0,91.0,True
6175,Lance Johnson,Female,95.0,20.0,65.0,0.0,Low,88.0,1.3,84.0,False
6990,Unknown Student,Female,70.0,25.0,60.0,2.0,Low,78.0,2.5,85.0,False
5157,Unknown Student,Female,91.0,17.0,60.0,0.0,Low,87.0,3.7,78.0,True
2642,Patrick Gonzalez MD,Male,82.0,8.0,88.0,2.0,Low,80.0,0.8,90.0,True
2492,Cole Gomez,Male,85.0,22.0,60.0,2.0,High,85.0,1.1,55.0,True
7296,Alejandro Gutierrez,Female,91.0,12.0,82.0,3.0,High,68.0,3.2,78.0,True
4304,Natalie Long,Female,92.0,15.0,86.0,2.0,Low,92.0,3.1,93.0,True
6893,Abigail Ingram,Male,85.0,10.0,85.0,2.0,Medium,90.0,3.3,75.0,True
9482,Eileen Lee,Male,90.0,20.0,70.0,2.0,Low,72.0,4.6,72.0,False
5530,Nancy Moore,Male,91.0,25.0,77.0,0.0,Low,80.0,1.3,76.0,True
2185,Melanie Wilson,Female,95.0,20.0,70.0,2.0,Low,88.0,1.3,78.0,False
8923,Gloria Henderson,Male,95.0,17.0,77.0,3.0,High,78.0,0.6,76.0,False
4610,Christopher Payne,Male,95.0,8.0,88.0,2.0,Low,80.0,3.5,66.0,True
5706,John Franklin,Male,70.0,30.0,85.0,2.0,High,78.0,1.6,63.0,False
3994,Angel Stout,Male,85.0,25.0,90.0,3.0,Medium,92.0,1.1,65.0,False
6167,Candace Kelly,Female,91.0,18.0,77.0,0.0,High,85.0,2.0,98.0,True
1887,Zachary Daniel,Female,85.0,12.0,78.0,2.0,Medium,62.0,4.3,99.0,True
8490,Angel Howard,Male,82.0,17.0,88.0,1.0,High,92.0,1.9,56.0,False
6924,Heather Hill,Female,78.0,12.0,78.0,3.0,Medium,78.0,4.8,71.0,False
4013,Heather Gamble,Male,70.0,25.0,60.0,1.0,Medium,62.0,1.4,61.0,True
4744,Sean Levine,Male,88.0,25.0,70.0,0.0,Medium,92.0,0.7,97.0,True
8749,Brian Diaz,Male,78.0,8.0,77.0,0.0,Low,72.0,2.7,70.0,False
5915,Catherine Koch,Female,82.0,22.0,78.0,0.0,High,68.0,0.3,66.0,False
2577,Unknown Student,Female,95.0,18.0,88.0,1.0,Low,72.0,4.7,66.0,False
1324,Anne Martin,Female,90.0,30.0,86.0,2.0,Low,88.0,3.2,84.0,True
5663,Mary Warren,Female,95.0,12.0,77.0,1.0,High,62.0,3.1,79.0,True
3745,Amanda Bryant,Female,70.0,22.0,86.0,0.0,High,87.0,0.8,64.0,False
6191,Joel Ford,Female,88.0,22.0,60.0,2.0,Medium,90.0,3.7,83.0,False
7782,Mark Miller,Male,78.0,15.0,65.0,3.0,Low,85.0,4.7,94.0,True
4450,Sarah Russell,Male,70.0,20.0,85.0,2.0,Medium,72.0,0.3,99.0,False
9584,Lisa Mitchell,Male,90.0,18.0,86.0,0.0,High,62.0,1.5,65.0,False
8260,William White,Male,78.0,12.0,65.0,1.0,High,90.0,4.3,70.0,False
8654,Jacqueline Garcia,Female,82.0,17.0,65.0,2.0,High,88.0,2.5,90.0,False
3551,Pamela Woods,Male,85.0,15.0,70.0,0.0,Medium,85.0,2.3,50.0,False
8816,Sydney Patterson,Female,85.0,8.0,82.0,3.0,High,80.0,2.7,62.0,False
8161,Lisa Johnson,Female,92.0,10.0,60.0,0.0,High,85.0,0.4,90.0,True
9464,Todd Jackson,Female,88.0,12.0,82.0,0.0,High,87.0,0.9,68.0,True
8460,Shelby Richards,Female,88.0,22.0,77.0,3.0,Medium,80.0,0.8,84.0,True
4046,Joseph Roberts,Male,88.0,18.0,65.0,1.0,Low,80.0,1.2,59.0,True
9086,Samantha Burton,Male,95.0,8.0,82.0,1.0,Medium,78.0,3.5,52.0,False
2314,Cynthia Mcdonald,Male,85.0,18.0,60.0,2.0,Low,78.0,0.9,66.0,False
1206,Kimberly Petty,Male,92.0,8.0,77.0,3.0,Low,80.0,1.0,97.0,True
9538,Joshua Carpenter,Male,85.0,8.0,82.0,1.0,High,80.0,3.7,85.0,True
5150,Jessica Fuller,Female,88.0,25.0,88.0,1.0,Low,92.0,4.9,65.0,False
6316,Andrea Barber,Male,78.0,18.0,86.0,2.0,Medium,92.0,0.0,52.0,False
3539,Brian Lyons,Female,90.0,25.0,65.0,1.0,High,88.0,1.7,98.0,True
1979,Tammy Fuentes,Female,78.0,12.0,85.0,0.0,Medium,92.0,2.5,85.0,False
8187,Robert Taylor,Male,85.0,8.0,88.0,0.0,Medium,80.0,2.4,78.0,False
9892,David Gonzalez,Female,92.0,22.0,65.0,2.0,Medium,80.0,3.7,67.0,True
2128,Steven Myers,Male,85.0,18.0,82.0,2.0,Medium,78.0,0.0,90.0,False
4039,Cassandra Perez,Male,91.0,30.0,86.0,3.0,Medium,87.0,3.3,84.0,False
4110,Jacqueline Eaton,Female,82.0,10.0,86.0,2.0,High,62.0,3.2,57.0,True
9572,Carrie Mccoy,Male,85.0,10.0,65.0,1.0,High,87.0,2.4,76.0,True
7366,Amy Fisher,Female,82.0,22.0,86.0,2.0,High,90.0,1.1,95.0,True
1214,Stephanie Reid,Male,85.0,20.0,77.0,1.0,Medium,72.0,3.7,76.0,False
1955,Reginald Hoover,Female,82.0,15.0,85.0,2.0,High,92.0,4.8,56.0,True
4784,Christina Russo,Female,92.0,25.0,70.0,3.0,Low,68.0,2.8,85.0,False
2728,Raymond Howell,Female,85.0,8.0,85.0,0.0,High,72.0,2.0,71.0,True
4943,Charles Aguilar,Male,70.0,12.0,82.0,2.0,Medium,78.0,4.8,50.0,True
5660,Caitlyn Green,Male,82.0,10.0,82.0,1.0,Medium,92.0,2.5,70.0,True
5521,Ronald Davis,Male,90.0,15.0,77.0,1.0,High,68.0,1.3,87.0,True
4817,Melissa Lucas,Female,88.0,20.0,86.0,0.0,Low,92.0,3.7,96.0,False
8905,Heidi Leonard,Male,85.0,22.0,85.0,3.0,Low,85.0,0.2,86.0,False
7266,Richard Swanson,Male,88.0,12.0,78.0,1.0,Low,88.0,0.7,82.0,True
3509,Lauren Simpson,Male,70.0,17.0,86.0,3.0,Low,87.0,1.1,68.0,False
7529,Marissa Raymond,Male,78.0,10.0,77.0,2.0,High,78.0,2.0,86.0,True
9589,Joyce Bishop,Male,92.0,17.0,82.0,0.0,Medium,88.0,0.4,92.0,False
8245,Peggy Hill,Male,85.0,15.0,90.0,3.0,Low,90.0,0.8,96.0,True
2841,Derrick Love,Male,88.0,22.0,65.0,2.0,High,90.0,3.5,57.0,False
8373,Laura Stevens,Female,85.0,30.0,90.0,2.0,High,92.0,2.7,98.0,False
9991,Terri Potter,Female,91.0,10.0,78.0,0.0,Low,72.0,0.2,60.0,True
5653,Veronica Saunders,Male,91.0,18.0,78.0,1.0,Low,80.0,0.3,92.0,False
6901,Emily Townsend,Male,85.0,18.0,60.0,3.0,Medium,72.0,4.9,56.0,True
8940,James Long,Male,78.0,25.0,70.0,1.0,Low,80.0,2.5,83.0,False
6465,Jennifer Dickson,Female,70.0,10.0,78.0,1.0,Low,90.0,1.8,69.0,True
9212,Alexa West,Female,85.0,18.0,60.0,1.0,Low,85.0,1.1,71.0,False
3248,Phillip Donovan,Male,70.0,12.0,86.0,3.0,Medium,92.0,2.9,77.0,False
6395,Monique King,Female,82.0,10.0,90.0,0.0,Low,72.0,3.4,62.0,True
6062,Karl Murray,Male,70.0,17.0,86.0,0.0,Medium,87.0,2.8,96.0,True
4016,Julia Brooks,Female,78.0,15.0,88.0,0.0,Medium,80.0,2.2,90.0,False
3489,Lauren Montgomery,Male,88.0,10.0,65.0,1.0,Low,88.0,1.3,86.0,True
4014,Kristin Macias,Female,85.0,17.0,65.0,0.0,High,92.0,0.2,98.0,True
5421,Samuel Smith,Female,92.0,25.0,90.0,2.0,High,80.0,4.3,81.0,False
8496,Unknown Student,Male,70.0,8.0,78.0,3.0,Low,62.0,3.6,75.0,True
9530,Bradley Stevens,Male,85.0,17.0,78.0,3.0,Low,72.0,2.0,97.0,True
7347,Morgan Hampton,Male,92.0,18.0,77.0,0.0,Medium,85.0,2.3,77.0,False
7440,Samantha Novak,Female,95.0,17.0,78.0,0.0,Medium,88.0,4.5,62.0,False
2477,Audrey Robinson,Female,95.0,10.0,85.0,2.0,High,78.0,3.2,55.0,False
9383,Lindsey Kerr,Male,70.0,12.0,60.0,1.0,High,90.0,2.8,92.0,True
3656,Cynthia Nguyen,Male,78.0,15.0,60.0,2.0,Medium,78.0,1.4,61.0,True
3155,Ryan Hood,Male,85.0,22.0,82.0,1.0,Medium,78.0,4.3,84.0,True
9084,Matthew Stevenson,Male,92.0,22.0,77.0,1.0,Medium,78.0,0.4,88.0,True
5009,Rhonda White,Female,91.0,12.0,90.0,1.0,High,68.0,0.3,72.0,True
3381,Larry Ramsey,Male,91.0,22.0,82.0,1.0,High,80.0,0.5,61.0,True
5659,Kimberly Anderson,Male,85.0,22.0,88.0,1.0,High,85.0,1.6,74.0,True
8001,Brian Miles,Male,88.0,17.0,78.0,2.0,Low,80.0,1.6,76.0,True
4425,Kelly Baker,Male,90.0,22.0,70.0,2.0,Medium,88.0,4.7,95.0,False
7996,Wendy Miller,Female,88.0,12.0,86.0,3.0,Medium,68.0,3.1,81.0,False
9069,Michael Webster,Male,91.0,25.0,82.0,3.0,High,87.0,0.1,90.0,True
4396,Michelle Ryan,Female,70.0,15.0,88.0,1.0,Low,92.0,0.1,62.0,False
5168,Justin Jennings,Male,88.0,18.0,70.0,2.0,Medium,80.0,0.6,71.0,False
7488,Norma Ward,Male,78.0,25.0,88.0,1.0,Low,78.0,4.6,52.0,True
8888,Unknown Student,Male,85.0,12.0,88.0,1.0,Medium,80.0,4.2,69.0,False
9779,Vincent Johnson,Male,92.0,22.0,78.0,1.0,High,68.0,1.4,51.0,False
7147,David Stone,Male,91.0,22.0,60.0,0.0,Low,87.0,4.3,98.0,False
6152,Amy Evans,Male,88.0,8.0,85.0,1.0,High,90.0,2.3,69.0,True
9192,Stephen Ramirez,Male,92.0,30.0,77.0,2.0,Medium,90.0,0.7,56.0,True
4361,Nicholas Baxter,Male,85.0,8.0,70.0,2.0,High,85.0,4.7,93.0,True
6460,Raymond Smith,Female,85.0,20.0,70.0,2.0,High,88.0,3.8,90.0,True
6257,Roy Johnson,Male,92.0,18.0,82.0,2.0,Medium,78.0,3.4,67.0,True
3580,Ryan Vasquez,Male,90.0,15.0,86.0,2.0,Low,87.0,2.5,72.0,False
5440,Justin Johnson,Male,88.0,22.0,90.0,0.0,High,85.0,3.1,71.0,False
1831,Unknown Student,Male,85.0,17.0,78.0,2.0,Medium,80.0,0.4,75.0,True
8304,Kaylee Benjamin,Female,88.0,30.0,90.0,2.0,High,78.0,2.8,55.0,False
2593,Charles Murphy,Female,88.0,17.0,77.0,3.0,High,68.0,4.3,89.0,False
6954,Grant Henderson,Female,78.0,17.0,88.0,1.0,Medium,80.0,0.3,57.0,False
8842,Michael Woods,Female,78.0,18.0,88.0,3.0,Low,68.0,2.5,75.0,True
8903,Susan Benson,Female,90.0,30.0,90.0,3.0,Medium,62.0,2.8,71.0,True
3835,Timothy Armstrong,Male,91.0,17.0,85.0,3.0,Low,78.0,1.6,56.0,False
3886,Cindy Harvey,Female,70.0,20.0,86.0,2.0,Low,88.0,3.9,74.0,False
9098,Caitlin Carter,Male,90.0,25.0,65.0,3.0,Low,80.0,3.8,92.0,True
8421,Ricky Johnson,Female,70.0,22.0,86.0,1.0,High,92.0,3.4,70.0,False
5989,Bryan Hoover,Female,95.0,20.0,86.0,1.0,Low,72.0,2.0,58.0,False
2022,Elijah Wagner,Female,82.0,15.0,78.0,2.0,Medium,87.0,4.3,51.0,True
8073,Felicia Davis,Female,95.0,8.0,60.0,0.0,Medium,72.0,1.1,61.0,False
3278,Jonathan Hess,Male,82.0,8.0,88.0,0.0,High,85.0,5.0,76.0,True
3200,Michael Yoder,Male,90.0,15.0,65.0,1.0,Low,62.0,4.9,58.0,True
7303,Joanna Martinez,Female,92.0,10.0,60.0,3.0,High,88.0,2.5,96.0,True
9220,Penny Hopkins,Female,70.0,12.0,86.0,1.0,High,80.0,2.8,95.0,False
2854,Justin Foster,Female,90.0,17.0,78.0,2.0,Medium,72.0,0.4,89.0,True
5017,Jennifer Morgan,Female,90.0,12.0,86.0,2.0,Low,80.0,4.5,84.0,True
8681,Dalton Chen,Female,82.0,17.0,86.0,1.0,Medium,90.0,4.8,68.0,False
3744,Mrs. Amy Carney MD,Male,91.0,18.0,86.0,2.0,High,78.0,2.9,86.0,True
5780,Melissa Wang,Male,88.0,17.0,85.0,0.0,Low,87.0,4.3,67.0,False
8317,Cameron Bender,Female,78.0,17.0,90.0,1.0,High,72.0,4.3,71.0,True
6653,Daniel Solomon,Male,88.0,20.0,78.0,2.0,Medium,62.0,2.4,80.0,True
7222,Deanna Jones,Female,85.0,18.0,65.0,2.0,Medium,80.0,1.4,78.0,False
6172,Alicia Young,Male,90.0,12.0,88.0,0.0,Low,85.0,1.7,67.0,True
5183,Peter Figueroa,Female,85.0,25.0,86.0,3.0,Low,90.0,3.4,61.0,False
9972,Jacob Thompson,Male,85.0,20.0,78.0,0.0,High,72.0,0.5,76.0,False
4594,Jonathon Woodward,Female,88.0,25.0,78.0,1.0,Low,87.0,0.3,88.0,True
2995,Brian Hayes,Male,90.0,22.0,65.0,0.0,Low,88.0,4.0,61.0,True
4018,Lisa Carroll,Female,88.0,17.0,85.0,1.0,Medium,62.0,3.5,92.0,True
3915,Terri Hayden,Female,90.0,17.0,90.0,3.0,Medium,68.0,3.2,56.0,True
9857,Taylor Burns,Female,92.0,22.0,85.0,1.0,Low,85.0,0.5,54.0,True
5105,Andrew Jimenez,Female,85.0,17.0,65.0,1.0,High,62.0,1.3,94.0,False
7411,Wendy King,Male,82.0,17.0,77.0,0.0,Medium,87.0,2.7,50.0,False
8898,Luis Carter,Male,91.0,12.0,88.0,1.0,Low,85.0,2.0,90.0,True
6985,Nicholas Jones,Female,90.0,17.0,78.0,3.0,High,72.0,0.2,74.0,True
4163,Unknown Student,Male,91.0,25.0,77.0,0.0,High,72.0,3.2,81.0,False
1268,Tina Knight,Male,95.0,15.0,88.0,2.0,Medium,87.0,1.1,76.0,False
9791,Brittany Andrews,Male,91.0,25.0,85.0,1.0,Low,68.0,2.4,51.0,False
1750,William Weber,Male,78.0,15.0,65.0,1.0,Medium,87.0,2.3,60.0,True
2742,Angela Ortiz,Male,85.0,22.0,86.0,3.0,High,92.0,2.1,97.0,False
6312,David Meyer,Male,88.0,12.0,65.0,1.0,High,80.0,3.0,71.0,True
3185,Travis Harrell,Male,91.0,8.0,65.0,1.0,Medium,87.0,0.0,61.0,True
5648,Craig Mccann,Female,85.0,10.0,90.0,0.0,Low,85.0,2.6,76.0,True
3859,Scott Edwards,Male,91.0,10.0,77.0,3.0,High,85.0,1.7,50.0,True
4144,Kelly Cohen,Male,82.0,20.0,86.0,1.0,Low,72.0,1.1,99.0,True
5528,David Diaz,Male,92.0,20.0,65.0,1.0,Medium,80.0,0.8,52.0,True
6966,Joseph Green,Female,92.0,8.0,82.0,1.0,Low,80.0,0.2,76.0,True
9804,Henry Johnson,Male,78.0,15.0,77.0,2.0,High,87.0,4.5,96.0,False
6340,Keith Wilson,Female,92.0,30.0,90.0,2.0,Medium,92.0,0.5,97.0,False
4276,Jordan Chase,Female,92.0,20.0,77.0,3.0,Medium,80.0,4.5,59.0,True
8454,Kayla Solomon,Male,70.0,30.0,65.0,1.0,Low,92.0,3.2,67.0,True
6503,Hayley Johnson,Male,85.0,22.0,78.0,2.0,High,87.0,4.3,79.0,False
3804,John Bender,Female,92.0,18.0,86.0,0.0,Low,88.0,4.5,86.0,True
2416,William Christian,Female,82.0,17.0,90.0,3.0,Medium,80.0,1.4,96.0,False
5041,Michael Willis,Male,95.0,8.0,86.0,3.0,Low,68.0,4.6,50.0,False
1724,James Simmons,Male,85.0,12.0,78.0,0.0,Low,62.0,2.4,94.0,True
8412,Christopher Sullivan,Male,92.0,17.0,70.0,1.0,Low,62.0,4.7,58.0,False
5846,Michelle Santos,Male,90.0,15.0,78.0,2.0,High,78.0,4.3,97.0,True
8452,Michael Walters,Female,78.0,8.0,65.0,1.0,Low,78.0,3.5,50.0,True
7305,Jason Anderson,Female,82.0,15.0,82.0,0.0,Medium,88.0,2.7,100.0,True
2326,Unknown Student,Female,85.0,12.0,88.0,1.0,High,62.0,1.8,89.0,True
6989,James Hoover,Female,78.0,12.0,85.0,2.0,Low,92.0,0.7,71.0,True
9841,Julie Garza,Male,85.0,22.0,90.0,3.0,Medium,90.0,4.5,76.0,False
5540,Lisa Williams,Male,90.0,30.0,88.0,1.0,Medium,72.0,2.6,57.0,False
9714,Erica Thomas,Female,85.0,22.0,88.0,2.0,High,78.0,0.4,75.0,True
5724,Calvin Vargas,Male,90.0,10.0,82.0,2.0,High,68.0,2.5,63.0,True
5803,Molly Jones,Female,82.0,10.0,77.0,1.0,Medium,78.0,3.7,51.0,False
4097,Shannon Hogan,Male,85.0,17.0,70.0,2.0,Medium,88.0,1.7,91.0,False
8965,James Fields,Female,85.0,18.0,78.0,0.0,Medium,68.0,3.9,64.0,False
7093,Arthur Johnson,Female,85.0,10.0,88.0,2.0,Medium,68.0,3.1,60.0,False
3986,Collin Edwards,Male,78.0,10.0,90.0,2.0,High,90.0,2.9,78.0,False
7056,Kimberly Smith,Male,92.0,17.0,78.0,1.0,Medium,68.0,1.9,84.0,True
9948,Taylor Moyer,Male,88.0,17.0,82.0,3.0,High,68.0,4.0,96.0,False
6549,Unknown Student,Male,85.0,15.0,78.0,2.0,High,85.0,0.1,89.0,True
8306,David Jimenez,Female,90.0,30.0,78.0,3.0,Low,92.0,2.9,64.0,False
4206,Kyle Coleman,Male,90.0,17.0,77.0,2.0,Low,62.0,1.0,70.0,True
6915,Marvin Cardenas,Female,78.0,8.0,88.0,0.0,Medium,80.0,1.4,72.0,False
8300,Eddie Robertson,Male,92.0,17.0,60.0,2.0,Medium,68.0,4.0,77.0,False
2449,Christopher Taylor,Male,70.0,18.0,60.0,0.0,Low,78.0,3.6,98.0,True
4264,Brenda Bell,Male,70.0,18.0,70.0,1.0,High,85.0,4.2,69.0,False
8593,Ashley Nguyen,Male,85.0,15.0,65.0,2.0,Medium,78.0,0.6,92.0,False
7834,Michael Bailey,Male,85.0,25.0,78.0,2.0,Medium,78.0,5.0,54.0,False
8872,Maria Scott,Female,88.0,17.0,85.0,1.0,Low,88.0,0.1,66.0,True
1958,Katherine Mclaughlin,Male,95.0,17.0,65.0,1.0,High,80.0,1.4,76.0,True
1798,Karen Cruz,Female,88.0,12.0,85.0,2.0,High,68.0,3.8,88.0,True
9908,Jodi Taylor,Female,95.0,18.0,82.0,1.0,High,72.0,2.9,59.0,True
3243,Thomas Mcgrath,Female,95.0,17.0,60.0,1.0,High,87.0,1.1,82.0,True
3277,Kathy Bailey,Male,91.0,12.0,88.0,0.0,Low,85.0,0.1,57.0,True
3108,Karen Wolf,Male,92.0,18.0,65.0,3.0,High,87.0,2.1,98.0,True
2273,Mary Jones,Male,85.0,8.0,78.0,3.0,High,80.0,2.5,82.0,True
4365,Ashley Jordan,Male,78.0,30.0,78.0,2.0,High,85.0,4.7,72.0,False
3630,Lonnie Williams,Male,82.0,22.0,85.0,2.0,Low,80.0,2.6,95.0,True
5617,Michael Poole,Male,82.0,15.0,85.0,3.0,Low,78.0,1.8,87.0,True
8203,David Martinez,Male,78.0,30.0,60.0,0.0,High,72.0,-5.0,200.0,False
3025,Eduardo Miller,Female,90.0,12.0,65.0,1.0,Medium,85.0,2.8,52.0,True
6375,Kristine Williams,Female,88.0,8.0,82.0,1.0,Low,85.0,3.4,78.0,True
7672,Unknown Student,Female,70.0,25.0,85.0,2.0,High,90.0,0.9,93.0,False
2723,Audrey Woods,Female,85.0,12.0,85.0,2.0,High,62.0,2.0,87.0,True
3764,Lauren Brown,Male,95.0,25.0,88.0,3.0,Low,62.0,0.6,77.0,False
5563,Stephanie Merritt,Female,70.0,30.0,77.0,3.0,Medium,78.0,2.6,59.0,False
2770,Rebecca Jones,Male,88.0,17.0,77.0,3.0,Low,68.0,0.1,97.0,True
2117,Isaiah Arnold,Female,85.0,10.0,60.0,3.0,Low,90.0,0.8,89.0,True
2253,Andrea Frey,Female,85.0,25.0,82.0,1.0,Medium,72.0,1.3,71.0,True
1517,Andrew Dudley,Female,90.0,8.0,77.0,1.0,Medium,78.0,2.3,52.0,True
5965,Kenneth Jones,Male,85.0,8.0,65.0,2.0,Low,62.0,2.4,57.0,False
6779,Jeff Phillips,Female,95.0,15.0,78.0,3.0,High,68.0,4.2,72.0,True
6591,Dawn Edwards,Female,90.0,8.0,88.0,1.0,Medium,90.0,0.3,65.0,True
4844,Paige Campbell,Female,91.0,20.0,85.0,2.0,High,90.0,0.8,84.0,False
1612,Belinda Kim,Female,70.0,22.0,70.0,0.0,Medium,80.0,3.5,87.0,True
6504,Ruben Steele,Female,82.0,30.0,65.0,3.0,Medium,90.0,4.8,62.0,False
2234,Bradley Martinez,Male,88.0,18.0,78.0,2.0,Low,62.0,4.0,89.0,True
2552,Alison Williams,Female,88.0,20.0,86.0,2.0,Medium,62.0,1.0,100.0,True
5945,Scott Ferguson,Female,70.0,12.0,88.0,3.0,Medium,62.0,1.3,82.0,False
9971,David Brown,Male,85.0,12.0,65.0,3.0,Medium,92.0,3.3,97.0,False
8133,Unknown Student,Female,95.0,20.0,90.0,0.0,Medium,85.0,3.2,66.0,True
7649,Renee Scott,Male,90.0,10.0,90.0,1.0,High,85.0,2.3,85.0,False
7914,Aimee Green,Male,92.0,10.0,82.0,0.0,High,85.0,3.9,67.0,True
1691,Ricky Jenkins,Female,85.0,15.0,85.0,1.0,Low,85.0,4.3,76.0,False
2479,Kelly Allen MD,Female,78.0,25.0,85.0,3.0,Low,72.0,4.7,83.0,False
9133,Sean Smith,Male,92.0,22.0,85.0,1.0,Medium,88.0,3.7,97.0,True
7928,Robert Johnson,Male,78.0,20.0,65.0,3.0,Medium,78.0,2.0,87.0,True
9034,Susan Russell,Female,90.0,30.0,70.0,0.0,High,92.0,4.8,100.0,True
6947,Ryan West,Female,95.0,18.0,78.0,3.0,High,80.0,3.5,100.0,True
5144,Unknown Student,Female,88.0,30.0,85.0,2.0,High,78.0,1.9,75.0,False
5929,Christina Fitzgerald,Male,92.0,18.0,90.0,0.0,Medium,90.0,4.4,99.0,False
1555,Susan Roberson,Female,90.0,17.0,77.0,0.0,Medium,62.0,4.4,56.0,True
5275,Jessica Banks,Male,95.0,8.0,86.0,2.0,Low,80.0,2.3,51.0,True
4010,Jodi Rogers,Female,78.0,15.0,60.0,3.0,Low,85.0,1.6,55.0,True
3585,Michelle Clay,Male,82.0,10.0,86.0,0.0,Medium,78.0,2.4,97.0,True
5270,Jacob Bean,Male,91.0,30.0,82.0,3.0,High,62.0,1.8,75.0,False
4677,Robert Harper,Male,85.0,12.0,86.0,3.0,High,78.0,1.0,94.0,True
1231,Michelle Graham,Female,85.0,17.0,85.0,3.0,Low,92.0,1.0,100.0,False
5717,Seth Johnson,Female,70.0,10.0,60.0,3.0,Low,92.0,5.0,68.0,True
8506,Julia Sanchez,Male,85.0,17.0,65.0,1.0,Low,62.0,3.4,95.0,False
7935,Unknown Student,Female,90.0,20.0,70.0,1.0,High,90.0,4.7,80.0,False
3938,Thomas Yoder,Female,88.0,12.0,77.0,1.0,Medium,68.0,0.4,95.0,False
3323,Christine Mullins,Female,90.0,30.0,78.0,0.0,Medium,85.0,3.7,77.0,False
5312,Timothy Mcbride,Female,82.0,30.0,60.0,0.0,Medium,78.0,3.8,59.0,False
1871,Deborah Reyes,Male,78.0,15.0,90.0,0.0,High,78.0,1.3,95.0,False
8150,Chad Downs,Male,85.0,15.0,78.0,1.0,Low,72.0,2.4,81.0,True
3425,William Hill,Male,95.0,20.0,90.0,2.0,High,68.0,2.5,67.0,True
1067,Makayla Rhodes,Male,70.0,20.0,90.0,1.0,Low,87.0,4.4,51.0,False
2998,Clayton Jones,Female,95.0,17.0,85.0,1.0,High,80.0,0.4,95.0,False
8439,Sean Hernandez,Female,91.0,15.0,88.0,1.0,Low,88.0,4.8,70.0,True
4463,Christine Young,Male,88.0,30.0,78.0,2.0,Low,88.0,1.9,75.0,False
3916,Brian Hale,Male,70.0,20.0,78.0,3.0,High,62.0,3.9,68.0,True
2975,Sandra Hart,Female,85.0,8.0,82.0,3.0,High,90.0,3.3,73.0,True
9021,Christine Curtis,Female,70.0,17.0,82.0,3.0,Low,62.0,0.5,77.0,False
4053,Tara Johnson,Female,70.0,20.0,78.0,2.0,Medium,78.0,3.4,91.0,True
9115,Stephanie Snyder,Male,88.0,17.0,60.0,2.0,Medium,85.0,0.7,76.0,False
5073,Miguel Leblanc,Female,88.0,22.0,78.0,2.0,High,80.0,2.6,82.0,False
7766,Christina Mcintyre,Male,85.0,22.0,82.0,1.0,Medium,88.0,0.4,82.0,True
2866,John Weber,Female,78.0,10.0,60.0,1.0,High,62.0,4.4,69.0,False
3213,Christine Shah,Male,92.0,20.0,78.0,3.0,High,92.0,2.4,59.0,True
8139,Lisa Maynard,Male,90.0,18.0,77.0,0.0,Medium,62.0,0.1,60.0,True
8295,Lisa Lynch,Female,85.0,15.0,77.0,3.0,High,92.0,1.5,75.0,True
6469,Angela Warren,Male,90.0,8.0,60.0,1.0,Low,88.0,3.0,85.0,False
1606,Mary Benson,Female,70.0,17.0,70.0,3.0,Low,80.0,4.7,81.0,True
1994,Yvonne Krueger,Male,70.0,22.0,88.0,2.0,High,85.0,4.5,76.0,False
2915,Keith Bailey,Female,91.0,30.0,77.0,0.0,High,68.0,1.4,62.0,False
6633,Barbara Case,Female,92.0,12.0,90.0,3.0,Low,90.0,4.6,95.0,False
3148,Jamie Torres,Female,70.0,8.0,88.0,1.0,High,88.0,1.0,94.0,True
8911,Justin Jacobs,Male,78.0,25.0,65.0,3.0,Medium,87.0,4.0,81.0,False
4845,Kevin Reynolds,Male,82.0,15.0,78.0,1.0,Medium,90.0,3.4,61.0,True
2043,Michelle Kelly,Female,70.0,20.0,86.0,3.0,High,72.0,1.1,66.0,False
6820,Terry Hernandez,Male,82.0,18.0,65.0,2.0,Low,87.0,3.5,78.0,False
2817,Aaron Duarte,Male,91.0,22.0,85.0,2.0,High,72.0,0.5,90.0,True
3257,Troy Bradford,Male,92.0,17.0,60.0,1.0,High,78.0,1.7,82.0,True
2396,Bobby Wilkinson,Female,95.0,8.0,88.0,3.0,High,72.0,2.1,64.0,True
8025,Juan Lopez,Female,88.0,17.0,70.0,1.0,High,78.0,0.7,50.0,True
2389,Virginia Medina,Female,88.0,8.0,65.0,0.0,High,80.0,3.8,92.0,True
1947,Leah Holmes,Female,70.0,8.0,78.0,2.0,Low,90.0,4.5,50.0,False
9647,Todd Brooks,Male,70.0,17.0,90.0,2.0,Low,88.0,3.3,94.0,False
7627,Madeline Rush,Male,88.0,20.0,78.0,2.0,Medium,62.0,3.6,97.0,True
1383,Nicole Frederick,Male,82.0,22.0,82.0,3.0,Medium,62.0,4.9,57.0,True
7110,Jason Adams,Female,82.0,30.0,85.0,1.0,Low,87.0,2.2,76.0,True
8424,Mallory Fletcher,Female,92.0,22.0,86.0,2.0,Low,92.0,1.8,68.0,True
7187,David Cummings,Male,90.0,30.0,70.0,3.0,High,90.0,2.3,59.0,False
7751,Kelly Suarez,Male,90.0,15.0,60.0,0.0,Medium,92.0,2.2,73.0,False
9502,Drew Morse,Male,88.0,22.0,77.0,0.0,Medium,78.0,3.7,76.0,True
3364,Lauren Stephens,Male,85.0,17.0,65.0,2.0,Low,87.0,3.5,79.0,False
1534,Penny Miller,Male,82.0,30.0,85.0,3.0,Medium,87.0,0.6,86.0,False
1659,Paula Stewart,Male,90.0,30.0,82.0,1.0,Medium,85.0,2.4,100.0,True
3328,Jonathan Johnson,Female,85.0,18.0,82.0,3.0,High,78.0,0.0,85.0,False
2106,Laura Ross,Male,70.0,17.0,86.0,2.0,Low,78.0,4.5,100.0,False
8786,Brandy Wilson,Male,78.0,12.0,77.0,1.0,Low,78.0,0.7,96.0,False
2463,Brittany Briggs,Female,70.0,25.0,60.0,1.0,Low,80.0,4.8,78.0,False
2450,Carl Coleman,Male,85.0,22.0,82.0,2.0,Low,87.0,3.2,55.0,True
9877,Crystal Chandler,Male,91.0,12.0,90.0,1.0,Low,80.0,0.6,84.0,True
1310,Elizabeth Nichols,Female,92.0,25.0,86.0,1.0,High,80.0,3.0,75.0,True
9052,Jesse Barber,Male,95.0,17.0,65.0,0.0,High,72.0,1.6,66.0,True
2878,Julie Jackson,Male,82.0,10.0,82.0,0.0,High,85.0,3.8,59.0,False
3334,Unknown Student,Female,95.0,18.0,60.0,2.0,High,92.0,1.2,88.0,True
9076,Ashley Franco,Female,90.0,18.0,78.0,1.0,Medium,72.0,2.0,76.0,True
7676,Kimberly Calderon,Male,85.0,18.0,70.0,3.0,Low,87.0,1.2,85.0,True
5990,Lisa Brooks,Female,85.0,20.0,70.0,3.0,High,90.0,2.7,60.0,True
9806,Destiny Todd,Female,82.0,17.0,78.0,1.0,Medium,88.0,1.4,60.0,True
1985,Dawn Luna,Female,88.0,22.0,78.0,2.0,Medium,92.0,2.9,82.0,False
8077,Martha Moody,Male,91.0,12.0,88.0,1.0,Low,85.0,4.9,95.0,False
5473,James Torres,Male,95.0,30.0,90.0,1.0,Low,90.0,0.1,94.0,True
2270,Shelly Stuart,Male,85.0,20.0,88.0,0.0,Low,90.0,1.9,99.0,True
3044,Julie Williams,Female,95.0,25.0,77.0,1.0,High,80.0,3.8,93.0,False
4137,Tamara Jones,Male,91.0,18.0,90.0,3.0,Medium,90.0,0.2,81.0,True
1116,Todd Orozco,Male,70.0,20.0,78.0,3.0,Low,78.0,0.9,62.0,True
2070,Jeffrey Torres,Male,90.0,10.0,82.0,3.0,High,72.0,3.6,67.0,True
1378,Chad Colon,Female,82.0,17.0,78.0,2.0,Low,80.0,-5.0,200.0,False
7666,Alan Williams,Female,90.0,12.0,77.0,1.0,Medium,72.0,3.8,96.0,True
4696,Dawn Nguyen,Female,90.0,25.0,90.0,0.0,Medium,85.0,0.3,90.0,True
1456,Andrea Phillips,Female,70.0,15.0,86.0,1.0,Medium,92.0,0.5,65.0,False
1891,Robert Bishop,Female,88.0,17.0,85.0,3.0,Low,78.0,3.8,90.0,False
3045,Melanie Mckinney,Male,85.0,15.0,60.0,2.0,Low,87.0,3.9,53.0,False
1897,Joseph Ellis,Female,91.0,8.0,85.0,2.0,Low,80.0,2.8,68.0,False
7581,Jennifer Smith,Male,91.0,8.0,90.0,3.0,Low,88.0,0.1,74.0,False
8014,Vickie Holloway,Male,95.0,15.0,77.0,2.0,Medium,88.0,1.0,56.0,True
6098,Amber Gray,Male,78.0,17.0,82.0,3.0,Medium,85.0,1.8,50.0,True
1939,Christian Barr,Male,82.0,12.0,78.0,0.0,Medium,92.0,4.9,90.0,True
2120,Kimberly Harrison,Male,92.0,17.0,77.0,3.0,Low,90.0,4.3,76.0,False
5909,Mark Fleming,Female,95.0,10.0,85.0,1.0,High,78.0,1.1,76.0,True
4772,Felicia Carpenter,Female,88.0,25.0,90.0,2.0,Low,90.0,4.0,74.0,True
7558,Rebecca Kelly,Male,85.0,30.0,78.0,2.0,Medium,80.0,2.8,59.0,False
8215,Aaron Walls,Male,91.0,30.0,78.0,1.0,High,92.0,1.4,64.0,False
3855,Mark King,Female,82.0,25.0,65.0,3.0,High,68.0,4.2,56.0,True
6209,Kaitlin Walton,Female,92.0,17.0,86.0,3.0,High,72.0,1.5,59.0,False
5049,Ashley Kaufman,Male,88.0,10.0,70.0,3.0,Medium,92.0,3.6,100.0,False
2062,Megan Bernard,Male,82.0,8.0,70.0,1.0,Medium,72.0,2.3,70.0,False
9609,Kelly Harper,Female,85.0,17.0,82.0,3.0,Medium,88.0,3.2,63.0,True
4325,Daniel White,Female,92.0,8.0,90.0,2.0,Medium,62.0,2.9,73.0,False
7981,John Odonnell,Female,85.0,8.0,60.0,2.0,Medium,90.0,1.4,51.0,True
8236,Whitney Tapia,Male,88.0,20.0,88.0,2.0,High,72.0,2.6,91.0,True
5096,Jeremy Shields,Female,88.0,25.0,86.0,0.0,Low,72.0,4.6,50.0,False
4728,Christine Hamilton,Male,92.0,17.0,90.0,2.0,Low,72.0,3.8,96.0,False
6581,Crystal Proctor,Male,95.0,25.0,60.0,0.0,High,78.0,2.2,85.0,True
7608,Victoria Mcbride,Female,95.0,22.0,78.0,3.0,High,68.0,0.8,71.0,False
7247,Ellen Cross MD,Male,70.0,20.0,70.0,0.0,High,78.0,0.5,76.0,False
5991,David Stevens,Male,88.0,20.0,70.0,0.0,High,88.0,2.4,61.0,True
2138,Frank Brown DDS,Female,88.0,25.0,90.0,2.0,Low,72.0,0.3,53.0,False
2126,Deborah Barajas,Female,88.0,10.0,90.0,2.0,Medium,78.0,0.8,76.0,False
9615,Anita Dougherty,Female,91.0,17.0,77.0,1.0,Low,80.0,3.7,68.0,False
6681,Alicia Watson,Female,70.0,22.0,65.0,0.0,High,68.0,4.5,96.0,False
8501,Deborah Hunter,Female,78.0,22.0,85.0,0.0,Low,80.0,1.2,60.0,False
9810,Morgan Gilbert,Female,90.0,25.0,77.0,0.0,Low,87.0,5.0,54.0,True
9264,Taylor Crawford,Female,70.0,17.0,65.0,2.0,High,72.0,0.2,51.0,True
8567,Danny Sanchez,Female,95.0,8.0,90.0,0.0,High,80.0,1.3,95.0,True
6359,Cory Rosario DDS,Female,85.0,17.0,85.0,2.0,Low,92.0,3.6,78.0,True
8713,Unknown Student,Female,78.0,17.0,78.0,3.0,High,68.0,1.5,84.0,False
3759,Kyle Perez,Male,85.0,18.0,65.0,1.0,Medium,68.0,1.1,52.0,True
8242,Kelly Gibson MD,Male,82.0,20.0,60.0,2.0,Medium,80.0,3.0,53.0,False
4305,Angela Garcia,Male,95.0,25.0,90.0,2.0,High,62.0,0.1,50.0,False
4148,Dylan Vaughan,Male,92.0,20.0,65.0,0.0,High,62.0,2.6,70.0,False
4105,Kevin Santiago,Male,82.0,8.0,60.0,2.0,High,92.0,0.5,70.0,True
1245,Terry Rodriguez,Female,95.0,15.0,60.0,3.0,Medium,92.0,0.3,67.0,False
1719,Chad Mason,Male,92.0,8.0,82.0,3.0,Medium,87.0,3.6,100.0,True
5127,Jessica Ferguson,Male,91.0,30.0,60.0,0.0,Medium,68.0,3.2,94.0,False
8899,Andrew Schroeder,Male,95.0,17.0,86.0,3.0,Medium,62.0,2.6,97.0,True
9248,Jeffrey Garcia,Male,88.0,15.0,86.0,2.0,Medium,92.0,3.7,98.0,True
2300,Jason Hood,Male,78.0,30.0,77.0,2.0,High,68.0,1.9,91.0,True
4900,Sandra Leon,Female,88.0,10.0,78.0,1.0,Low,80.0,2.6,76.0,False
1388,Tyler Mccormick,Male,95.0,30.0,90.0,3.0,Low,80.0,4.5,92.0,True
4644,Megan Murphy,Female,82.0,30.0,65.0,1.0,Low,80.0,0.3,81.0,True
4153,Charles Vincent,Male,78.0,17.0,65.0,2.0,High,88.0,2.7,100.0,True
4871,Mrs. Cindy Sharp DVM,Male,70.0,17.0,82.0,2.0,Low,92.0,1.2,61.0,True
5966,Unknown Student,Female,91.0,17.0,90.0,2.0,Medium,87.0,4.8,73.0,False
7188,Sarah Dixon,Male,85.0,17.0,60.0,2.0,Low,62.0,3.8,76.0,False
7233,Shannon Spencer,Female,88.0,17.0,82.0,0.0,Low,88.0,2.4,71.0,True
8688,Darlene Tapia,Male,78.0,25.0,78.0,1.0,Low,90.0,2.5,76.0,False
7113,Ryan Ball,Female,85.0,18.0,86.0,2.0,Medium,80.0,5.0,57.0,False
3660,Anita Berger,Male,70.0,18.0,88.0,2.0,Low,78.0,3.2,73.0,True
7313,Tom Bradley,Male,92.0,25.0,77.0,1.0,Medium,80.0,3.5,91.0,True
5281,Melinda Cummings,Female,78.0,18.0,90.0,3.0,Low,68.0,0.1,99.0,True
7297,Melissa Donaldson,Female,91.0,20.0,70.0,3.0,Medium,68.0,4.1,66.0,False
9202,Charles Pearson,Female,91.0,18.0,60.0,2.0,High,80.0,3.9,72.0,True
5407,Isaiah Moore,Male,70.0,18.0,78.0,0.0,Medium,80.0,0.5,99.0,False
9600,Jonathan Ramirez,Male,88.0,8.0,65.0,0.0,Medium,68.0,3.5,62.0,False
3981,Mrs. Melanie Mueller,Male,85.0,22.0,90.0,0.0,High,80.0,3.7,98.0,True
5249,Ms. Heather Dean,Female,85.0,22.0,85.0,0.0,High,85.0,0.4,57.0,False
2052,David Malone,Female,85.0,22.0,90.0,1.0,Medium,87.0,0.0,67.0,True
1685,Melissa Brown,Male,92.0,12.0,78.0,0.0,Low,72.0,4.9,98.0,False
8961,Jason Woods,Female,95.0,22.0,60.0,1.0,Medium,90.0,5.0,65.0,False
7528,Rachel Diaz,Female,91.0,15.0,88.0,1.0,High,80.0,2.3,94.0,False
3275,Michael Jones,Male,91.0,20.0,70.0,2.0,Low,92.0,1.8,89.0,False
9436,Taylor Mcgee,Female,92.0,15.0,88.0,1.0,Low,90.0,4.4,97.0,False
8279,Christopher Ray,Male,91.0,17.0,60.0,3.0,High,90.0,2.1,80.0,True
2465,Dr. James Henry DDS,Male,70.0,15.0,65.0,1.0,Medium,85.0,1.1,66.0,False
3016,James Stevens,Male,82.0,17.0,85.0,1.0,High,88.0,3.8,88.0,True
6623,Kevin Marquez,Female,70.0,12.0,60.0,3.0,High,85.0,0.6,55.0,True
2460,Colleen Porter,Female,91.0,25.0,85.0,3.0,Medium,68.0,4.3,74.0,True
6092,Christian Odom,Male,91.0,12.0,90.0,0.0,Medium,90.0,3.9,93.0,True
9515,Calvin Macias,Male,90.0,8.0,78.0,2.0,Medium,90.0,0.7,68.0,True
9189,Kim Fischer,Female,78.0,22.0,82.0,0.0,Low,80.0,3.0,69.0,True
5480,Travis Schultz,Female,92.0,17.0,82.0,0.0,High,90.0,0.8,95.0,True
4687,Bonnie Morris,Male,78.0,17.0,60.0,2.0,Low,68.0,5.0,85.0,False
6528,Tiffany Morris,Female,85.0,30.0,60.0,0.0,High,72.0,3.6,68.0,True
9978,Paul Poole,Female,90.0,10.0,88.0,3.0,High,85.0,2.3,60.0,True
8239,Richard Perez,Female,88.0,10.0,90.0,3.0,Low,92.0,3.7,50.0,False
2670,Bernard Whitaker,Male,70.0,8.0,65.0,1.0,High,90.0,4.9,61.0,True
2922,Melinda Miller,Female,91.0,8.0,65.0,0.0,High,80.0,0.6,75.0,False
5959,Christina Gonzales,Male,70.0,20.0,77.0,0.0,Medium,78.0,1.8,57.0,True
2353,Maria Gray,Male,85.0,12.0,90.0,1.0,Low,88.0,4.9,76.0,False
2549,Mary Bennett,Male,70.0,17.0,60.0,2.0,Low,68.0,0.5,54.0,True
7640,Dr. Erik Pineda,Male,70.0,12.0,70.0,2.0,Medium,87.0,2.6,87.0,True
4399,Sandra Burns,Male,78.0,22.0,65.0,1.0,Low,78.0,4.0,57.0,True
3110,Patricia Hunt,Male,78.0,20.0,70.0,2.0,High,87.0,4.9,76.0,False
6956,Erika Kennedy,Male,70.0,15.0,90.0,2.0,High,72.0,4.5,68.0,False
3291,Timothy Newman,Female,95.0,12.0,88.0,3.0,Low,72.0,1.0,56.0,True
4884,Tanya Bowen,Male,92.0,10.0,82.0,3.0,High,88.0,2.8,87.0,False
5544,Rhonda Davenport,Male,91.0,8.0,85.0,2.0,Medium,85.0,1.9,60.0,False
8472,Cheryl Brown,Male,88.0,8.0,65.0,2.0,High,87.0,3.1,67.0,True
7097,Angela Bridges,Male,70.0,10.0,88.0,0.0,Medium,80.0,4.8,65.0,True
5425,Brandon Rasmussen,Male,82.0,20.0,70.0,0.0,High,90.0,3.2,73.0,False
5476,Ryan Beltran,Male,92.0,18.0,78.0,2.0,Medium,92.0,1.9,56.0,True
3090,Kirsten Davis,Female,85.0,12.0,78.0,0.0,High,62.0,2.8,76.0,True
7064,Paige Turner,Male,91.0,8.0,77.0,0.0,Medium,80.0,4.0,82.0,False
5519,Aimee Christensen,Female,88.0,25.0,82.0,2.0,Medium,62.0,3.9,55.0,True
2256,Jessica Howard,Male,90.0,10.0,86.0,1.0,High,85.0,2.8,81.0,True
7946,Lisa Zhang,Male,85.0,17.0,70.0,2.0,Low,87.0,2.0,89.0,True
1119,Jonathan Daniel,Female,88.0,30.0,90.0,2.0,Low,88.0,0.2,78.0,True
9577,Cheyenne Oliver,Male,78.0,17.0,88.0,0.0,High,90.0,4.8,77.0,False
7211,Brianna Henderson,Male,95.0,20.0,88.0,3.0,Low,87.0,1.5,80.0,False
5337,Mark Sanchez,Male,85.0,22.0,60.0,3.0,Medium,72.0,4.1,52.0,False
8999,Melissa Nguyen,Male,95.0,15.0,86.0,1.0,Medium,85.0,1.8,50.0,False
4050,Jeff Carney,Male,95.0,15.0,85.0,0.0,Medium,92.0,0.4,82.0,True
7729,Tammy Tanner,Male,88.0,15.0,65.0,2.0,High,78.0,2.0,69.0,False
8017,Donna Robinson,Male,88.0,18.0,85.0,1.0,Low,78.0,0.8,72.0,False
1095,Eric Wilson,Female,92.0,20.0,90.0,2.0,High,68.0,2.0,97.0,False
6322,Russell Jones,Female,82.0,8.0,65.0,2.0,High,80.0,0.6,72.0,True
4874,Darlene Burton,Male,95.0,8.0,86.0,1.0,Medium,78.0,1.4,81.0,True
8027,Faith Johnson,Male,91.0,10.0,70.0,0.0,High,85.0,3.8,66.0,True
8031,Nathan Miller,Male,85.0,20.0,70.0,3.0,High,92.0,5.0,87.0,True
4758,Donna Fowler,Male,78.0,17.0,78.0,2.0,High,68.0,2.1,89.0,True
2489,Whitney Jefferson,Male,70.0,8.0,70.0,2.0,Low,92.0,1.1,77.0,False
2005,Shane Sanders,Female,85.0,18.0,85.0,2.0,Medium,85.0,4.7,95.0,False
5046,Felicia Cline,Female,85.0,10.0,78.0,1.0,High,90.0,1.1,80.0,False
2650,Jennifer Clark,Female,78.0,18.0,78.0,1.0,Medium,85.0,0.6,92.0,True
3134,Miss Carla Coleman MD,Female,95.0,30.0,86.0,2.0,Low,90.0,1.2,67.0,True
7292,William Nelson,Male,90.0,10.0,86.0,2.0,High,88.0,2.5,91.0,True
4160,Crystal Brown,Female,90.0,20.0,70.0,3.0,Medium,85.0,3.6,98.0,True
9741,Erica Miller,Male,85.0,10.0,90.0,0.0,Low,85.0,4.5,98.0,False
6996,Unknown Student,Female,90.0,8.0,85.0,1.0,Medium,72.0,4.7,82.0,True
9723,Emily Martin,Male,78.0,17.0,70.0,2.0,Low,62.0,2.0,67.0,True
4015,Erica Miller,Male,78.0,22.0,90.0,3.0,Low,80.0,4.4,100.0,False
9254,Wesley May,Female,88.0,25.0,82.0,2.0,Low,87.0,0.9,52.0,True
5781,Christopher Atkinson,Male,78.0,18.0,65.0,2.0,High,92.0,4.9,63.0,True
1022,Blake Martinez,Female,91.0,30.0,88.0,2.0,Low,72.0,1.3,58.0,False
5831,Joy Henderson,Male,85.0,17.0,88.0,3.0,Low,85.0,0.9,51.0,True
7258,Mary Ramos,Female,91.0,12.0,90.0,1.0,High,90.0,1.3,87.0,False
3550,Colleen Sanchez,Female,92.0,8.0,88.0,0.0,Medium,87.0,2.5,79.0,True
3885,David Cruz,Male,91.0,17.0,65.0,2.0,High,85.0,0.8,61.0,False
4077,Ralph Becker,Male,78.0,20.0,60.0,3.0,Medium,62.0,0.5,83.0,True
1193,Denise Coleman,Male,70.0,8.0,78.0,2.0,High,80.0,0.7,99.0,True
5385,Unknown Student,Male,91.0,15.0,78.0,2.0,Low,90.0,4.3,55.0,True
3281,Samantha Mendoza,Female,91.0,17.0,65.0,2.0,Medium,78.0,0.8,53.0,False
9906,Sean Lyons,Male,88.0,15.0,85.0,2.0,Medium,80.0,2.6,76.0,True
1019,Anthony Smith,Male,85.0,25.0,60.0,0.0,High,90.0,3.3,64.0,False
6906,Kristi Price,Male,85.0,22.0,65.0,0.0,Medium,72.0,1.7,61.0,False
3461,Alex Douglas,Female,91.0,18.0,88.0,2.0,Medium,78.0,3.3,66.0,True
1035,Ian Mcdonald,Male,78.0,30.0,65.0,0.0,Medium,78.0,4.1,57.0,False
5562,David Bauer,Male,90.0,30.0,65.0,0.0,Medium,90.0,1.6,77.0,False
7301,Linda Beasley,Male,91.0,8.0,70.0,3.0,Low,92.0,3.5,65.0,False
1046,Maria Edwards,Male,85.0,17.0,70.0,1.0,High,87.0,0.3,72.0,False
3283,Megan Hutchinson,Female,85.0,10.0,70.0,0.0,High,92.0,4.1,53.0,True
2920,Jaime Simon,Male,70.0,15.0,60.0,1.0,High,87.0,3.3,54.0,True
3591,Thomas Freeman,Male,78.0,30.0,65.0,2.0,High,87.0,0.1,76.0,True
5698,Holly Leon,Male,78.0,15.0,78.0,3.0,High,72.0,2.5,76.0,False
8443,Travis Pierce,Female,91.0,12.0,82.0,3.0,Medium,68.0,1.4,55.0,False
8674,Kristen Galloway,Female,95.0,8.0,60.0,0.0,High,90.0,3.2,62.0,False
2776,Raven Taylor,Male,90.0,30.0,86.0,1.0,High,92.0,1.4,84.0,True
5410,Christina Johnson,Male,91.0,22.0,78.0,3.0,High,80.0,0.2,55.0,False
6428,Jessica Davies,Female,82.0,20.0,70.0,0.0,High,88.0,4.0,76.0,True
5753,Daniel Sullivan,Male,78.0,17.0,85.0,2.0,Low,92.0,4.4,93.0,True
3638,Richard Franklin,Female,85.0,10.0,88.0,2.0,Medium,88.0,4.3,77.0,True
7350,Samantha Klein,Male,92.0,22.0,86.0,2.0,High,88.0,3.1,81.0,True
1244,Becky Perkins,Male,88.0,12.0,85.0,1.0,High,78.0,1.6,68.0,True
2116,Kimberly Pena,Female,91.0,30.0,88.0,2.0,High,68.0,3.6,79.0,False
7701,Anna Martinez,Male,85.0,30.0,70.0,3.0,Medium,90.0,0.4,76.0,False
3592,Monica Johnson,Female,90.0,25.0,60.0,1.0,Low,87.0,1.7,79.0,False
2787,Shannon Porter,Male,78.0,20.0,60.0,0.0,High,62.0,1.6,70.0,False
4497,Amy Stout,Female,91.0,17.0,86.0,0.0,High,90.0,3.9,80.0,True
1886,Unknown Student,Male,85.0,8.0,82.0,2.0,Low,68.0,0.4,54.0,False
7636,Joseph Sherman,Male,88.0,17.0,60.0,2.0,High,85.0,0.9,53.0,True
8021,Maria Walls,Female,88.0,10.0,90.0,1.0,Medium,80.0,2.4,94.0,True
